isenthalpic_mdot [kg/s],isenthalpic_tank.mass [kg],isenthalpic_tank.volume [m^3],isenthalpic_tank.inenergy [J],isenthalpic_tank.pressure [Pa],isenthalpic_tank.temperature [degK],isenthalpic_tank.density [kg/m^3],isenthalpic_tank.sp_inenergy [J/kg],isenthalpic_tank.sp_enthalpy [J/kg],time [s]
-1.5871493244475856,1.0804750995372943,0.0037854117839999993,176171.69212611756,27024797.581143092,287.93166366693805,285.43132456664176,163050.21022840956,257730.76998213038,0.0
-1.5553836407149264,1.064921263130145,0.0037854117839999993,174194.1024614807,26488234.405357547,287.70722505225876,281.32243568092224,163574.63081305035,257730.76998239278,0.01
-1.5245882593657427,1.0496753805364876,0.0037854117839999993,172232.15647525148,25968505.724390414,287.4772141901898,277.2948995861444,164081.35283426757,257730.76998266295,0.02
-1.494720666536069,1.034728173871127,0.0037854117839999993,170286.42555955503,25464828.905125435,287.2421234271624,273.3462653243347,164571.16937531444,257730.76998266333,0.03
-1.465740751661278,1.020070766354514,0.0037854117839999993,168357.40464758436,24976468.822069492,287.00241062080244,269.47418789842135,165044.82845759118,257730.76998266368,0.04
-1.4376106427900417,1.0056946599266137,0.0037854117839999993,166445.51965108918,24502734.36863438,286.7585018075494,265.6764223584437,165503.0361434303,257730.769982664,0.05
-1.4102945550941162,0.9915917143756725,0.0037854117839999993,164551.13415804267,24042975.266552847,286.51079363443733,261.95081828795634,165946.4593869137,257730.76998266447,0.06
-1.3837586513792977,0.9777541278618795,0.0037854117839999993,162674.55547104275,23596579.14472443,286.25965558047716,258.2953146589242,166375.7286576474,257730.76998266496,0.07
-1.3579709135330504,0.9641744187265491,0.0037854117839999993,160816.0400552841,23162968.86148709,286.0054319873646,254.70793502621729,166791.44035752869,257730.76998266554,0.08
-1.3329010239327348,0.9508454084872218,0.0037854117839999993,158975.7984580278,22741600.047247726,285.748443918248,251.18678303539141,167194.15904942475,257730.76998266607,0.09
-1.3085202559362297,0.9377602059278595,0.0037854117839999993,157153.99975433171,22331958.846821085,285.48899086107787,247.73003821976258,167584.41951462094,257730.76998266662,0.1
-1.2848013726598904,0.9249121922012605,0.0037854117839999993,155350.77556766433,21933559.842989936,285.2273522912907,244.33595206488127,167962.72865420295,257730.76998266726,0.11
-1.2617185333248149,0.9122950068680123,0.0037854117839999993,153566.22370862684,21545944.14471483,284.96378910700435,241.00284432041397,168329.56724802536,257730.76998266793,0.12
-1.2392472065210975,0.8999025348028014,0.0037854117839999993,151800.41147025654,21168677.62511958,284.69854494851404,237.72909954115616,168685.39158356862,257730.76998266875,0.13
-1.2173640898017493,0.8877288939047838,0.0037854117839999993,150053.37861419693,20801349.295885894,284.43184741264594,234.51316384045577,169030.634965782,257730.76998266953,0.14
-1.196047035073792,0.8757684235540459,0.0037854117839999993,148325.14007832756,20443569.80602833,284.1639091714364,231.35354184073256,169365.7091179356,257730.76998267055,0.15
-1.1752749793043413,0.8640156737610025,0.0037854117839999993,146615.68843317998,20094970.054211657,283.8949290036379,228.2487938070525,169691.0054825414,257730.76998267166,0.16
-1.1550278801046632,0.8524653949599559,0.0037854117839999993,144924.99611158393,19755199.904832523,283.62509274669833,225.19753295087116,170006.8964305486,257730.76998267267,0.17
-1.1352866557958852,0.841112528401997,0.0037854117839999993,143253.0174334273,19423926.999032427,283.3545741760994,222.198422892107,170313.73638624686,257730.76998267393,0.18
-1.1160331295965602,0.8299521971060314,0.0037854117839999993,141599.69044515013,19100835.652653065,283.08353581826714,219.25017526865489,170611.8628746276,257730.76998267497,0.19
-1.0972499776051436,0.81897969732998,0.0037854117839999993,139964.93859157764,18785625.83389931,282.8121297026656,216.35154748331607,170901.5974973352,257730.76998267628,0.2
-1.0789206802799904,0.8081904905271801,0.0037854117839999993,138348.67223590837,18478012.214150093,282.5404980581502,213.5013405789039,171183.24684278824,257730.76998267762,0.21
-1.0610294771460407,0.7975801957557197,0.0037854117839999993,136750.79004208033,18177723.28596343,282.26877395818116,210.69839723300228,171457.10333555465,257730.76998267908,0.22
-1.0435613244813204,0.7871445825109065,0.0037854117839999993,135171.18023231917,17884500.542864185,281.99708191907143,207.9415998645041,171723.4460296197,257730.7699826807,0.23
-1.026501855757907,0.7768795639533274,0.0037854117839999993,133609.72173140172,17598097.715992086,281.7255384550598,205.22986884465394,171982.5413497794,257730.76998268245,0.24
-1.0098373446314781,0.7667811905070125,0.0037854117839999993,132066.28520804082,17318280.063126363,281.4542525936597,202.56216080586194,172234.6437850356,257730.76998268432,0.25
-0.9935546702911011,0.7568456438041016,0.0037854117839999993,130540.73402278042,17044823.705999386,281.183326354428,199.9374670420537,172479.9965375357,257730.7699826863,0.26
-0.9776412849967744,0.7470692309541338,0.0037854117839999993,129032.92509088466,16777515.012168378,280.91285519401566,197.35481199477715,172718.8321303071,257730.7699826883,0.27
-0.9620851836465905,0.7374483791176679,0.0037854117839999993,127542.70966789256,16516150.018037515,280.6429284201243,194.81325181970428,172951.37297676769,257730.76998269052,0.28
-0.9468748752283862,0.727979630365384,0.0037854117839999993,126069.93406477795,16260533.889913127,280.37362957675424,192.3118730285498,173177.8319147495,257730.76998269264,0.29
-0.9319993560225214,0.7186596368051589,0.0037854117839999993,124614.44029900084,16010480.4202397,280.1050368029381,189.8497912017804,173398.41270755266,257730.7699826949,0.3
-0.9174480844331419,0.7094851559608275,0.0037854117839999993,123176.06668714645,15765811.556403123,279.83722316696463,187.42614976781286,173613.31051434614,257730.76998269735,0.31
-0.903210957335011,0.7004530463874774,0.0037854117839999993,121754.64838431681,15526356.959704457,279.57025697792915,185.04011884469728,173822.7123320475,257730.7699827,0.32
-0.8892782878318414,0.691560263509159,0.0037854117839999993,120350.0178749636,15291953.592305075,279.3042020763018,182.6908941405565,174026.79741064922,257730.7699827028,0.33
-0.8756407843301446,0.6828038556658576,0.0037854117839999993,118962.0054194191,15062445.330122791,279.0391181050619,180.37769590930657,174225.73764380632,257730.76998270556,0.34
-0.8622895308399707,0.6741809603574579,0.0037854117839999993,117590.43945999254,14837682.59982172,278.775060762822,178.09976795841717,174419.69793635947,257730.76998270833,0.35000000000000003
-0.8492159684206407,0.6656888006732515,0.0037854117839999993,116235.14699015059,14617522.03818738,278.51208204025687,175.85637670568727,174608.83655034442,257730.76998271138,0.36
-0.836411877695737,0.6573246818962941,0.0037854117839999993,114895.95388997978,14401826.172313442,278.2502304410382,173.6468102822111,174793.30543091774,257730.7699827143,0.37
-0.8238693623672281,0.6490859882726219,0.0037854117839999993,113572.68523084537,14190463.119150732,277.98955118839285,171.4703776788956,174973.25051352647,257730.76998271747,0.38
-0.8115808336638014,0.6409701799359838,0.0037854117839999993,112265.16555189808,13983306.30308147,277.73008641830717,169.32640793406057,175148.81201354865,257730.76998272084,0.39
-0.7995389956631808,0.632974789979352,0.0037854117839999993,110973.21911084722,13780234.190284926,277.471875360322,167.2142493598134,175320.1246995433,257730.76998272407,0.4
-0.787736831432585,0.6250974216650261,0.0037854117839999993,109696.67011120357,13581130.038755495,277.21495450679475,165.1332688050369,175487.3181511653,257730.7699827277,0.41000000000000003
-0.7761675899354602,0.6173357457656715,0.0037854117839999993,108435.34290800325,13385881.662920017,276.95935777143217,163.0828509529656,175650.5170027254,257730.7699827314,0.42
-0.7648247736563215,0.6096874980291083,0.0037854117839999993,107189.0621938474,13194381.211880863,276.7051166378408,161.06239765145412,175809.8411733053,257730.76998273507,0.43
-0.7537021268989108,0.6021504767601191,0.0037854117839999993,105957.6531669327,13006524.960383572,276.4522602987827,159.07132727415825,175965.40608427257,257730.76998273883,0.44
-0.7427936247160098,0.594722540512959,0.0037854117839999993,104740.94168260433,12822213.111674918,276.20081578677764,157.10907411096048,176117.322864984,257730.7699827428,0.45
-0.7320934624321376,0.5874016058886377,0.0037854117839999993,103538.75438982846,12641349.611477861,275.9508080966368,155.17508778607368,176265.69854740545,257730.76998274683,0.46
-0.7215960457230034,0.5801856454314076,0.0037854117839999993,102350.91885386471,12463841.972366856,275.7022603004795,153.26883270235197,176410.636250333,257730.76998275094,0.47000000000000003
-0.7112959812180626,0.573072685619227,0.0037854117839999993,101177.2636663072,12289601.107878212,275.4551936557373,151.3897875104272,176552.23535384747,257730.76998275536,0.48
-0.7011880675947929,0.566060804943279,0.0037854117839999993,100017.6185435642,12118541.17573799,275.2096277066152,149.5374446013716,176690.5916645938,257730.76998275964,0.49
-0.6912672871354012,0.559148132071925,0.0037854117839999993,98871.8144147571,11950579.429633962,274.9655803794468,147.7113096216655,176825.7975724381,257730.769982764,0.5
-0.6815287977186348,0.5523328440947387,0.0037854117839999993,97739.68349993393,11785636.078998262,274.7230680723455,145.91090100932036,176957.94219901427,257730.76998276863,0.51
-0.6719679252211623,0.5456131648425271,0.0037854117839999993,96621.05937942024,11623634.156305045,274.4821057395295,144.13574955007516,177087.11153864235,257730.76998277323,0.52
-0.6625801563046708,0.5389873632794804,0.0037854117839999993,95515.7770550598,11464499.391421538,274.24270697066737,142.38539795264728,177213.3885920664,257730.76998277789,0.53
-0.6533611315663741,0.5324537519638166,0.0037854117839999993,94423.67300403431,11308160.092582861,274.00488406556826,140.65940044207795,177336.85349342972,257730.76998278266,0.54
-0.6443066390320688,0.526010685573496,0.0037854117839999993,93344.58522589596,11154547.033590345,273.7686481045189,138.95732237026715,177457.58363088148,257730.7699827876,0.55
-0.6354126079722161,0.5196565594937738,0.0037854117839999993,92278.35328339123,11003593.34686002,273.53400901454506,137.2787398428445,177575.65376117773,257730.76998279244,0.56
-0.6266751030227579,0.5133898084635462,0.0037854117839999993,91224.81833760989,10855234.42197347,273.300975631861,135.62323936157173,177691.13611862322,257730.7699827975,0.5700000000000001
-0.6180903185935581,0.5072089052776106,0.0037854117839999993,90183.8231779457,10709407.809406055,273.06955576074597,133.99041748151612,177804.10051867168,257730.7699828027,0.58
-0.6096545735484041,0.5011123595421266,0.0037854117839999993,89155.21224731799,10566053.12912926,272.83975622907576,132.379880482278,177914.61445648706,257730.76998280786,0.59
-0.6013643061415282,0.49509871648071135,0.0037854117839999993,88138.83166306495,10425111.983803999,272.6115829407181,130.79124405259458,178022.74320074666,257730.769982813,0.6
-0.5932160691965325,0.489166555788746,0.0037854117839999993,87134.52923388651,10286527.876299929,272.38504092498874,129.22413298767975,178128.54988295006,257730.76998281837,0.61
-0.5852065255144681,0.4833144905336013,0.0037854117839999993,86142.15447318331,10150246.131293261,272.1601343833503,127.67818089869438,178232.09558248176,257730.76998282378,0.62
-0.5773324434986358,0.47754116609861497,0.0037854117839999993,85161.55860911026,10016213.82071124,271.9368667335229,126.15302993377459,178333.43940765917,257730.7699828294,0.63
-0.5695906929844191,0.4718452591687708,0.0037854117839999993,84192.59459163745,9884379.692806538,271.7152406511675,124.64833051007665,178432.63857298443,257730.76998283484,0.64
-0.5619782412631834,0.46622547675613896,0.0037854117839999993,83235.11709688729,9754694.104658403,271.4952581092893,123.16374105632548,178529.74847280546,257730.76998284043,0.65
-0.554492149289912,0.4606805552632398,0.0037854117839999993,82288.98252899456,9627108.95791022,271.27692041549886,121.6989277653815,178624.8227515776,257730.769982846,0.66
-0.547129568064883,0.45520925958259095,0.0037854117839999993,81354.0490197158,9501577.63756493,271.0602282472595,120.25356435636621,178717.9133709061,257730.76998285166,0.67
-0.5398877351802525,0.44981038223078845,0.0037854117839999993,80430.17642599794,9378054.953671213,270.8451816852448,118.82733184591062,178809.0706735419,257730.76998285743,0.68
-0.5327639715229521,0.4444827425155589,0.0037854117839999993,79517.22632569613,9256497.085743103,270.63178024491486,117.41991832811365,178898.34344448743,257730.76998286322,0.6900000000000001
-0.5257556781258078,0.43922518573430086,0.0037854117839999993,78615.0620116182,9136861.529765828,270.4200229064199,116.03101876281922,178985.77896936575,257730.76998286895,0.7000000000000001
-0.5188603331592638,0.4340365824027082,0.0037854117839999993,77723.54848405675,9019107.047649214,270.20990814292816,114.66033477184006,179071.42309019293,257730.7699828749,0.71
-0.5120754890565216,0.42891582751214297,0.0037854117839999993,76842.55244195777,8903193.6189987,270.0014339474705,113.30757444277641,179155.3202586871,257730.76998288077,0.72
-0.5053987697653278,0.42386183981448966,0.0037854117839999993,75971.94227286278,8789082.395081535,269.79459785838964,111.9724521400945,179237.51358724153,257730.7699828867,0.73
-0.4988278681200293,0.4188735611332894,0.0037854117839999993,75111.58804174933,8676735.654873103,269.5893969834715,110.65468832314743,179318.0448976777,257730.76998289264,0.74
-0.4923605433278608,0.41394995570001075,0.0037854117839999993,74261.36147888568,8566116.763075214,269.3858280228377,109.35400937083648,179396.95476789188,257730.76998289864,0.75
-0.4859946185637927,0.4090900095143728,0.0037854117839999993,73421.1359668059,8457190.1300044,269.18388729066885,108.07014741262634,179474.2825765007,257730.76998290463,0.76
-0.47972797866856315,0.40429272972768715,0.0037854117839999993,72590.78652650178,8349921.173254269,268.98357073582446,106.80284016564134,179550.06654558337,257730.7699829106,0.77
-0.47355856794482637,0.3995571440482389,0.0037854117839999993,71770.1898029216,8244276.28104149,268.78487396142197,105.55183077758363,179624.34378161616,257730.76998291662,0.78
-0.4674843880466316,0.3948823001677726,0.0037854117839999993,70959.2240498576,8140222.77715031,268.58779224343505,104.31686767522692,179697.15031468705,257730.76998292253,0.79
-0.4615034959577014,0.3902672652081956,0.0037854117839999993,70157.7691142974,8037728.887395099,268.39232054836316,103.09770441825086,179768.52113607424,257730.76998292853,0.8
-0.45561400205422925,0.3857111251876533,0.0037854117839999993,69365.70642030814,7936763.707525299,268.1984535500265,101.8940995581931,179838.49023426755,257730.76998293446,0.81
-0.44981406824815257,0.3812129845051718,0.0037854117839999993,68582.91895251714,7837297.172501116,268.00618564553173,100.70581650230629,179907.0906295079,257730.76998294075,0.8200000000000001
-0.4441019062070637,0.3767719654431012,0.0037854117839999993,67809.29123924664,7739300.027072586,267.81551097045747,99.53262338211744,179974.35440691502,257730.7699829469,0.8300000000000001
-0.43847577564714185,0.3723872076866298,0.0037854117839999993,67044.70933535608,7642743.79759812,267.6264234132981,98.37429292649708,180040.31274827072,257730.76998295277,0.84
-0.4329339826956641,0.36805786785967315,0.0037854117839999993,66289.06080484061,7547600.76504244,267.4389166292102,97.23060233905406,180104.99596252127,257730.76998295885,0.85
-0.4274748783198537,0.3637831190764746,0.0037854117839999993,65542.23470323032,7453843.939096822,267.25298405309536,96.101333179681,180168.43351505822,257730.7699829649,0.86
-0.42209685681897885,0.35956215050828483,0.0037854117839999993,64804.121559830404,7361447.0333679,267.0686189120566,94.98627125008308,180230.65405583402,257730.76998297087,0.87
-0.4167983543767829,0.355394166964517,0.0037854117839999993,64074.61335984074,7270384.441584143,266.8858142372624,93.88520648313094,180291.68544636815,257730.7699829769,0.88
-0.4115778476714842,0.35127838848780213,0.0037854117839999993,63353.603526387524,7180631.214771716,266.70456287524735,92.79793283588567,180351.55478569222,257730.76998298292,0.89
-0.4064338525407111,0.347214049962395,0.0037854117839999993,62640.98690249893,7092163.039354319,266.52485749868214,91.72424818615059,180410.2884352844,257730.76998298886,0.9
-0.4013649226988928,0.3432004007354061,0.0037854117839999993,61936.65973305251,7004956.216133568,266.3466906166366,90.66395423241123,180467.91204303756,257730.7699829947,0.91
-0.3963696485047303,0.3392367042503588,0.0037854117839999993,61240.51964672033,6918987.6401092885,266.170054584366,89.61685639703151,180524.4505663056,257730.76998300056,0.92
-0.3914466557765156,0.3353222376925936,0.0037854117839999993,60552.46563793528,6834234.781100783,265.99494161264306,88.58276373257935,180579.9282940689,257730.76998300635,0.93
-0.38659460465316353,0.331456291646062,0.0037854117839999993,59872.39804889921,6750675.665132395,265.82134377665767,87.56148883116121,180634.36886825663,257730.7699830122,0.9400000000000001
-0.3818121884989279,0.32763816976107274,0.0037854117839999993,59200.21855165311,6668288.856548593,265.6492530245099,86.55284773665004,180687.79530426612,257730.76998301802,0.9500000000000001
-0.37709813284989085,0.32386718843257384,0.0037854117839999993,58535.83013022594,6587053.440825443,265.47866118531346,85.55665985969623,180740.23001071182,257730.76998324203,0.96
-0.3724511944003395,0.3201426764885704,0.0037854117839999993,57879.137062926115,6506949.008052987,265.3095599771267,84.57274789541641,180791.6948085879,257730.76998346217,0.97
-0.36787016002773915,0.31646397488829303,0.0037854117839999993,57230.04490454777,6427955.63702953,265.1419410137461,83.60093774365792,180842.21094912654,257730.7699836786,0.98
-0.36335384585312597,0.31283043642976177,0.0037854117839999993,56588.46046899295,6350053.879998576,264.97579581235226,82.64105843174546,180891.7991318868,257730.76998389134,0.99
-0.358901096337958,0.30924142546638217,0.0037854117839999993,55954.29181182835,6273224.747942033,264.8111158000461,81.69294203961357,180940.47952159363,257730.7699841004,1.0
-0.3545107834135232,0.3056963176322469,0.0037854117839999993,55327.44821303541,6197449.696434248,264.64789232028227,80.75642362723912,180988.2717645111,257730.76998430584,1.01
-0.3501818056426251,0.3021944995758207,0.0037854117839999993,54707.84015991262,6122710.612026594,264.48611663901687,79.83134116428818,181035.19500422414,257730.7699845076,1.02
-0.34591308741197047,0.298735368701701,0.0037854117839999993,54095.37933013809,6048989.799139562,264.32577995058165,78.91753546189653,181081.26789685374,257730.7699847058,1.03
-0.34170357815396446,0.29531833292016135,0.0037854117839999993,53489.978574999885,5976269.967440514,264.1668733833001,78.01485010650599,181126.50862573026,257730.76998490051,1.04
-0.33755225159668567,0.2919428104041945,0.0037854117839999993,52891.55190279942,5904534.219686107,264.0093880048537,77.12313139568188,181170.93491554435,257730.76998509164,1.05
-0.3334581050408656,0.28860822935378583,0.0037854117839999993,52300.014462434614,5833766.040009787,263.8533148274148,76.24222827584083,181214.56404600115,257730.76998527933,1.06
-0.3294201586627603,0.28531402776715825,0.0037854117839999993,51715.28252716644,5763949.282635327,263.69864481255496,75.37199228181996,181257.41286499496,257730.7699854636,1.07
-0.3254374548418423,0.2820596532187398,0.0037854117839999993,51137.2734785734,5695068.160998457,263.54536887593736,74.51227747822213,181299.49780132496,257730.7699856446,1.08
-0.32150905751230124,0.2788445626436168,0.0037854117839999993,50565.905790697114,5627107.237259547,263.3934778918066,73.66294040247455,181340.8348769703,257730.76998582212,1.09
-0.31763405153738317,0.27566822212824293,0.0037854117839999993,50001.09901438239,5560051.4121910175,263.24296269728444,72.8238400095399,181381.4397189441,257730.76998599636,1.1
-0.313811542105642,0.2725301067071865,0.0037854117839999993,49442.773761813085,5493885.915423893,263.0938140964781,71.99483761822266,181421.32757073952,257730.76998616755,1.11
-0.3100406541482215,0.26942970016570433,0.0037854117839999993,48890.85169124668,5428596.296038769,262.9460228644121,71.17579685901468,181460.51330338817,257730.76998633542,1.12
-0.30632053177632423,0.2663664948479411,0.0037854117839999993,48345.25549194806,5364168.413487025,262.79957975079043,70.36658362342678,181499.01142614277,257730.76998650015,1.1300000000000001
-0.3026503377380641,0.2633399914705605,0.0037854117839999993,47805.908869324354,5300588.428828875,262.65447548359793,69.56706601475527,181536.8360968019,257730.76998666165,1.1400000000000001
-0.2990292528939318,0.26034969894162113,0.0037854117839999993,47272.73653026061,5237842.796275345,262.5107007725455,68.77711430023413,181574.00113168824,257730.76998682006,1.1500000000000001
-0.2954564757101395,0.25739513418451976,0.0037854117839999993,46745.66416865736,5175918.255022001,262.3682463123697,67.9966008645256,181610.52001529533,257730.7699869754,1.16
-0.29193122176914493,0.25447582196682833,0.0037854117839999993,46224.61845116942,5114801.821362659,262.22710278598896,67.22540016450384,181646.40590961502,257730.76998712771,1.17
-0.2884527232966783,0.25159129473386155,0.0037854117839999993,45709.527003146286,5054480.78107198,262.0872608675268,66.46338868528804,181681.67166315817,257730.76998727716,1.18
-0.28502022870463867,0.24874109244681517,0.0037854117839999993,45200.31839477296,4994942.68204622,261.9487112252046,65.7104448974831,181716.32981967993,257730.7699874237,1.19
-0.2816330021492379,0.2459247624253228,0.0037854117839999993,44696.92212741103,4936175.327192019,261.8114445241105,64.9664492155876,181750.3926266215,257730.76998756727,1.2
-0.2782903231038128,0.24314185919428466,0.0037854117839999993,44199.26862013872,4878166.767553449,261.6754514288525,64.23128395753012,181783.87204327865,257730.76998770816,1.21
-0.27499148594573825,0.24039194433482727,0.0037854117839999993,43707.289196488644,4820905.295668025,261.5407226060945,63.504833305297105,181816.77974870667,257730.7699878464,1.22
-0.27173579955690835,0.2376745863392582,0.0037854117839999993,43220.91607138236,4764379.439142826,261.4072487269871,62.78698326661579,181849.12714937286,257730.76998798185,1.23
-0.2685225869372685,0.2349893604698855,0.0037854117839999993,42740.08233825992,4708577.9544421965,261.27502046949354,62.07762163765842,181880.9253865652,257730.76998811463,1.24
-0.2653511848309073,0.2323358486215764,0.0037854117839999993,42264.72195640296,4653489.820878883,261.1440285206149,61.37663796673394,181912.18534356623,257730.7699882448,1.25
-0.2622209433642371,0.22971363918793405,0.0037854117839999993,41794.76973844945,4599104.234800889,261.01426357852165,60.68392351893574,181942.91765260044,257730.76998837225,1.26
-0.25913122569581026,0.22712232693097595,0.0037854117839999993,41330.16133809864,4545410.603966551,260.88571635459306,59.99937124171429,181973.13270156467,257730.76998849728,1.27
-0.2560814076773408,0.22456151285420253,0.0037854117839999993,40870.83323800381,4492398.542100739,260.75837757536834,59.32287573134542,182002.84064054806,257730.76998861984,1.28
-0.2530708775255132,0.2220308040789474,0.0037854117839999993,40416.72273785105,4440057.863625367,260.63223798441413,58.6543332002655,182032.05138814924,257730.76998873972,1.29
-0.25009903550418666,0.21952981372390554,0.0037854117839999993,39967.76794262219,4388378.578557688,260.5072883441112,57.993641445246155,182060.77463759962,257730.7699888572,1.3
-0.24716529361660616,0.21705816078773948,0.0037854117839999993,39523.907751039325,4337350.887570118,260.383519437364,57.34069981638212,182089.0198626977,257730.7699889724,1.31
-0.24426907530726402,0.21461547003466686,0.0037854117839999993,39085.08184418901,4286965.1772056045,260.2609220692353,56.695409186866655,182116.79632356227,257730.76998908524,1.32
-0.24140981517305432,0.2122013718829363,0.0037854117839999993,38651.23067432373,4237212.015242791,260.13948706850846,56.05767192352998,182144.11307221043,257730.76998919572,1.33
-0.2385869586833878,0.20981550229610244,0.0037854117839999993,38222.29545383864,4188082.1462055366,260.0192052891843,55.42739185811719,182170.97895796743,257730.76998930387,1.34
-0.23579996190894595,0.20745750267701296,0.0037854117839999993,37798.218144420825,4139566.4870114224,259.90006761190784,54.80447425928259,182197.4026327128,257730.7699894098,1.35
-0.23304829125876036,0.20512701976442535,0.0037854117839999993,37378.941446369055,4091656.1227543014,259.78206494533526,54.18882580527873,182223.3925559698,257730.76998951356,1.36
-0.23033142322532713,0.20282370553217208,0.0037854117839999993,36964.40878808164,4044342.3026159573,259.66518822743734,53.58035455731865,182248.95699984295,257730.7699896153,1.37
-0.2276488441374644,0.20054721709079742,0.0037854117839999993,36554.56431570978,3997616.435902302,259.5494284267464,52.9789699335911,182274.10405380873,257730.7699897149,1.3800000000000001
-0.2250000499206456,0.19829721659159097,0.0037854117839999993,36149.352882974374,3951470.0881995982,259.4347765435453,52.384582683908874,182298.8416293652,257730.76998981237,1.3900000000000001
-0.22238454586454123,0.19607337113294557,0.0037854117839999993,35748.72004114363,3905894.977646465,259.32122361100414,51.797104864971175,182323.177464545,257730.76998990797,1.4000000000000001
-0.21980184639751965,0.19387535266897038,0.0037854117839999993,35352.612029168995,3860882.9713175343,259.2087606962623,51.21644981622174,182347.11912829525,257730.76999000146,1.41
-0.21725147486786245,0.19170283792029175,0.0037854117839999993,34960.975763977454,3816426.0817148727,259.09737890146334,50.64253213628496,182370.67402473144,257730.7699900932,1.42
-0.2147329633314635,0.18955550828697712,0.0037854117839999993,34573.75883091722,3772516.463363305,258.9870693647394,50.07526765996276,182393.84939726657,257730.76999018269,1.43
-0.21224585234578555,0.18743304976351927,0.0037854117839999993,34190.90947435497,3729146.409506092,258.87782326115035,49.51457343577586,182416.6523326222,257730.76999027046,1.44
-0.20978969076986118,0.18533515285582067,0.0037854117839999993,33812.37658842185,3686308.3488974096,258.7696318035778,48.96036770403331,182439.08976472367,257730.7699903564,1.45
-0.2073640355701315,0.18326151250011935,0.0037854117839999993,33438.10970790604,3643994.84268832,258.6624862435762,48.41256987541501,182461.1684784838,257730.76999044063,1.46
-0.20496845163191965,0.18121182798380014,0.0037854117839999993,33068.05899928964,3602198.5814029956,258.5563778721824,47.871100510052244,182482.89511347923,257730.76999052303,1.47
-0.202602511576355,0.1791858028680366,0.0037854117839999993,32702.17525192737,3560912.3820021045,258.4512980206853,47.33588129709183,182504.27616752236,257730.7699906036,1.48
-0.20026579558255703,0.17718314491221102,0.0037854117839999993,32340.40986936493,3520129.185030401,258.3472380613572,46.806835034730014,182525.3180001328,257730.76999068234,1.49
-0.19795789121490617,0.17520356600006196,0.0037854117839999993,31982.71486079459,3479842.0518456325,258.24418940814826,46.28388561070269,182546.02683591086,257730.76999075958,1.5
-0.19567839325523073,0.17324678206750965,0.0037854117839999993,31629.042832645817,3440044.161926035,258.1421435173443,45.766957983218894,182566.40876781667,257730.76999083516,1.51
-0.1934269035397439,0.1713125130321122,0.0037854117839999993,31279.34698030874,3400728.8102537836,258.0410918881917,45.255978162325135,182586.46976035828,257730.76999090915,1.52
-0.19120303080057638,0.16940048272410643,0.0037854117839999993,30933.581079988115,3361889.4047718123,257.94102606348685,44.75087319168827,182606.21565269088,257730.7699909815,1.53
-0.18900639051174906,0.16751041881898895,0.0037854117839999993,30591.69948068583,3323519.4639116228,257.8419376301364,44.25157113078533,182625.65216163115,257730.7699910525,1.54
-0.1868366047394449,0.1656420527715945,0.0037854117839999993,30253.657096309416,3285612.614189663,257.74381821968416,43.75800103748885,182644.7848845878,257730.76999112184,1.55
-0.18469330199643264,0.16379511975163016,0.0037854117839999993,29919.4093979048,3248162.58787006,257.6466595088097,43.270092951036844,182663.61930241226,257730.76999118982,1.56
-0.1825761171005116,0.16196935858062506,0.0037854117839999993,29588.912406011033,3211163.220691496,257.5504532197976,42.787777875376605,182682.1607821721,257730.76999125638,1.57
-0.18048469103684697,0.16016451167025658,0.0037854117839999993,29262.122683134778,3174608.449656157,257.45519112097946,42.3109877628723,182700.41457984797,257730.76999132134,1.58
-0.17841867082406612,0.15838032496201593,0.0037854117839999993,28938.99732634281,3138492.310878697,257.36086502714846,41.83965549836624,182718.3858429587,257730.76999138502,1.59
-0.17637770938399785,0.15661654786817594,0.0037854117839999993,28619.493959970252,3102808.9374933117,257.2674667999491,41.37371488358424,182736.07961311511,257730.76999144736,1.6
-0.17436146541493852,0.15487293321402656,0.0037854117839999993,28303.570728442606,3067552.5576170157,257.1749883482406,40.913100621875856,182753.50082850503,257730.76999150834,1.61
-0.17236960326832765,0.1531492371813433,0.0037854117839999993,27991.186289209767,3032717.492367348,257.08342162843854,40.45774830328032,182770.65432631268,257730.76999156797,1.62
-0.17040179282873164,0.15144521925305598,0.0037854117839999993,27682.29980578986,2998298.1539327316,256.99275864483076,40.00759438990958,182787.54484507284,257730.76999162638,1.6300000000000001
-0.1684577093970242,0.14976064215908574,0.0037854117839999993,27376.870940921162,2964289.0436938372,256.9029914498725,39.562576201639935,182804.17702696295,257730.7699916835,1.6400000000000001
-0.1665370335766663,0.14809527182331908,0.0037854117839999993,27074.859849820186,2930684.7503943336,256.8141121444596,39.122631902104075,182820.55542003454,257730.76999173945,1.6500000000000001
-0.16463945116298864,0.1464488773116892,0.0037854117839999993,26776.22717354411,2897479.9483594624,256.726112878181,38.68770048497562,182836.6844803862,257730.7699917941,1.6600000000000001
-0.16276465303538018,0.1448212307813354,0.0037854117839999993,26480.934032455618,2864669.395760917,256.6389858495501,38.25772176053844,182852.568574279,257730.7699918476,1.67
-0.1609123350522948,0.14321210743081247,0.0037854117839999993,26188.942019788657,2832247.932926635,256.55272330621887,37.83263634253338,182868.21198019767,257730.7699919,1.68
-0.15908219794898734,0.1416212854513226,0.0037854117839999993,25900.213195312866,2800210.4806940183,256.46731754516964,37.412385635275086,182883.6188908564,257730.76999195135,1.69
-0.15727394723789487,0.14004854597894364,0.0037854117839999993,25614.710079095617,2768552.0388053493,256.3827609128933,36.996911821032064,182898.79341515477,257730.7699920016,1.7
-0.15548729311158319,0.1384936730478278,0.0037854117839999993,25332.3956453593,2737267.6843439867,256.2990458055456,36.58615784766306,182913.73958008128,257730.7699920506,1.71
-0.15372195034817698,0.13695645354434605,0.0037854117839999993,25053.233316432747,2706352.57021018,256.2161646690897,36.18006741650331,182928.46133256942,257730.76999209865,1.72
-0.15197763821920235,0.13543667716215402,0.0037854117839999993,24777.186956794747,2675801.9236352425,256.13410999942164,35.7785849704942,182942.9625413049,257730.76999214568,1.73
-0.1502540803997638,0.13393413635815637,0.0037854117839999993,24504.22086720831,2645611.044732932,256.0528743424783,35.38165568255028,182957.24699848742,257730.76999219166,1.74
-0.14855100488098857,0.13244862630934648,0.0037854117839999993,24234.299778943954,2615775.3050869093,255.97245029433208,34.98922544415752,182971.31842154724,257730.76999223672,1.75
-0.14686814388466846,0.1309799448704998,0.0037854117839999993,23967.388848090603,2586290.1463732077,255.89283050127145,34.60124085419707,182985.18045481865,257730.76999228072,1.76
-0.14520523378003378,0.12952789253269947,0.0037854117839999993,23703.453649952407,2557151.079016619,255.81400765986456,34.21764920798891,182998.83667117057,257730.76999232394,1.77
-0.14356201500259527,0.1280922723826735,0.0037854117839999993,23442.460173530097,2528353.6808800306,255.73597451701193,33.83839848654984,183012.29057359637,257730.7699923663,1.78
-0.14193823197499278,0.1266728900629236,0.0037854117839999993,23184.37481608545,2499893.5959857013,255.65872386998416,33.46343734606064,183025.54559676364,257730.76999240767,1.79
-0.1403336330297918,0.1252695537326257,0.0037854117839999993,22929.16437778727,2471766.53326755,255.58224856644776,33.09271510753709,183038.60510852534,257730.76999244804,1.8
-0.13874797033417,0.12388207402928399,0.0037854117839999993,22676.79605643768,2443968.2653535362,255.50654150447872,32.726181746700036,183051.47241139348,257730.76999248765,1.81
-0.13718099981643725,0.12251026403111961,0.0037854117839999993,22427.237442277103,2416494.627377241,255.43159563256322,32.363787884039525,183064.15074397536,257730.7699925265,1.82
-0.13563248109433734,0.12115393922017624,0.0037854117839999993,22180.45651286677,2389341.515817818,255.35740394958802,32.00548477506833,183076.64328237518,257730.76999256448,1.83
-0.13410217740507935,0.11981291744612545,0.0037854117839999993,21936.421628047254,2362504.8873674585,255.28395950481863,31.651224300760372,183088.95314155996,257730.76999260148,1.84
-0.1325898555370457,0.118487018890755,0.0037854117839999993,21695.101524972,2335980.75782562,255.2112553978685,31.300958958169456,183101.0833766936,257730.76999263777,1.85
-0.13109528576313298,0.11717606603312367,0.0037854117839999993,21456.465313214117,2309765.2010191893,255.13928477865585,30.954641851224206,183113.03698443624,257730.76999267327,1.86
-0.12961824177567438,0.11587988361536693,0.0037854117839999993,21220.482469945557,2283854.347747883,255.06804084735126,30.612226681694864,183124.81690421278,257730.76999270808,1.87
-0.12815850062290177,0.11459829860913791,0.0037854117839999993,20987.122835187336,2258244.384754152,254.99751685431696,30.273667740327912,183136.42601945097,257730.76999274213,1.8800000000000001
-0.12671584264690103,0.1133311401826689,0.0037854117839999993,20756.356607129463,2232931.553716885,254.92770610003495,29.938919898144672,183147.86715878834,257730.76999277546,1.8900000000000001
-0.12529005142301936,0.11207823966843872,0.0037854117839999993,20528.154337519525,2207912.150268235,254.85860193502688,29.607938597899906,183159.1430972507,257730.7699928081,1.9000000000000001
-0.12388091370068391,0.11083943053143187,0.0037854117839999993,20302.486927118687,2183182.5230329405,254.7901977597657,29.28067984569678,183170.25655740176,257730.76999284004,1.9100000000000001
-0.12248821934559101,0.10961454833797596,0.0037854117839999993,20079.325621224,2158739.072689493,254.72248702457912,28.95710020275458,183181.21021046545,257730.76999287112,1.92
-0.12111176128322819,0.10840343072514368,0.0037854117839999993,19858.64200525589,2134578.251052534,254.65546322954384,28.637156777325576,183192.00667742122,257730.76999290183,1.93
-0.11975133544369136,0.10720591737070677,0.0037854117839999993,19640.408000409607,2110696.5601759143,254.58911992437353,28.320807216757686,183202.64853007268,257730.76999293172,1.94
-0.1184067407077624,0.10602184996362915,0.0037854117839999993,19424.595859369718,2087090.5514758157,254.523450708298,28.0080096996996,183213.13829209105,257730.76999296105,1.95
-0.11707777885420884,0.10485107217508706,0.0037854117839999993,19211.17816208656,2063756.8248734188,254.45844922993675,27.698722928445104,183223.47844003444,257730.76999298972,1.96
-0.11576425450827763,0.10369342963000429,0.0037854117839999993,19000.127811613445,2040692.027956545,254.39410918716416,27.392906121413475,183233.6714043418,257730.76999301784,1.97
-0.1144659750913438,0.10254876987909085,0.0037854117839999993,18791.418030003773,2017892.855159774,254.3304243269688,27.090519005762907,183243.71957030412,257730.76999304545,1.98
-0.1131827507716879,0.10141694237137397,0.0037854117839999993,18585.022354266977,1995356.0469625378,254.26738844530632,26.79152181013393,183253.62527901257,257730.76999307235,1.99
-0.11191439441636725,0.1002977984272103,0.0037854117839999993,18380.91463238234,1973078.3891046888,254.20499538694585,26.49587525752002,183263.3908282845,257730.76999309871,2.0
-0.11066072154415466,0.09919119121176875,0.0037854117839999993,18179.06901936965,1951056.7118190923,254.1432390453109,26.203540558262493,183273.01847356738,257730.76999312444,2.0100000000000002
-0.10942155027951368,0.09809697570897362,0.0037854117839999993,17979.45997341586,1929287.889080767,254.08211336231423,25.914479403166997,183282.51042882202,257730.76999314962,2.02
-0.10819670130758256,0.0970150086958978,0.0037854117839999993,17782.062252056712,1907768.8378721515,254.0216123281875,25.62865395673894,183291.86886738497,257730.76999317456,2.0300000000000002
-0.10698599783014232,0.09594514871759638,0.0037854117839999993,17586.850908412478,1886496.5174640445,253.96172998130513,25.34602685053521,183301.09592281075,257730.76999319872,2.04
-0.10578926552253873,0.09488725606237099,0.0037854117839999993,17393.801287476912,1865467.9287118346,253.90246040800392,25.06656117662971,183310.193689695,257730.7699932224,2.05
-0.10460633249153653,0.09384119273745561,0.0037854117839999993,17202.889022458545,1844680.1133665934,253.8437977423974,24.790220481190225,183319.1642244783,257730.76999324575,2.06
-0.10343702923407946,0.09280682244511482,0.0037854117839999993,17014.090031173422,1824130.1534006482,253.78573616618547,24.51696875816426,183328.0095462315,257730.76999326862,2.07
-0.10228118859693208,0.09178401055914549,0.0037854117839999993,16827.380512488453,1803815.170347261,253.72826990845914,24.246770443071433,183336.73163742296,257730.76999329097,2.08
-0.10113864573718094,0.09077262410177368,0.0037854117839999993,16642.7369428146,1783732.3246540502,253.6713932455021,23.979590406900286,183345.33244466825,257730.7699933128,2.09
-0.10000923808357313,0.08977253172093795,0.0037854117839999993,16460.136072649064,1763878.8150497929,253.6151005005878,23.715393950107163,183353.8138794632,257730.7699933343,2.1
-0.09889280529866872,0.08878360366795127,0.0037854117839999993,16279.55492316554,1744251.8779242602,253.55938604377167,23.454146796715126,183362.17781889907,257730.76999335526,2.11
-0.09778918924178773,0.08780571177553338,0.0037854117839999993,16100.970782852019,1724848.7867207648,253.50424429168058,23.1958150885107,183370.42610636263,257730.76999337578,2.12
-0.09669823393273051,0.08683872943620607,0.0037854117839999993,15924.361204195151,1705666.8513410878,253.4496697072985,22.94036537933652,183378.56055221983,257730.76999339592,2.13
-0.09561978551625155,0.08588253158104356,0.0037854117839999993,15749.70400041049,1686703.4175624754,253.39565679974882,22.68776462947778,183386.58293448403,257730.7699934156,2.14
-0.09455369222726767,0.08493699465877089,0.0037854117839999993,15576.977242217894,1667955.866466392,253.34220012407303,22.4379802001406,183394.49499946914,257730.76999343498,2.15
-0.09349980435678165,0.08400199661520306,0.0037854117839999993,15406.159254661376,1649421.6138787419,253.2892942810063,22.190979848020433,183402.29846242844,257730.76999345393,2.16
-0.09245797421850366,0.08307741687301803,0.0037854117839999993,15237.228613972567,1631098.1098212774,253.23693391675044,21.946731719958645,183409.99500817808,257730.76999347258,2.17
-0.09142805611615283,0.08216313631185651,0.0037854117839999993,15070.164144477318,1612982.8379738987,253.18511372274395,21.70520434768545,183417.5862917081,257730.7699934907,2.18
-0.0904099063114206,0.08125903724874231,0.0037854117839999993,14904.94491554451,1595073.3151475939,253.13382843542914,21.46636664264749,183425.07393877846,257730.76999350864,2.19
-0.089403382992582,0.08036500341881649,0.0037854117839999993,14741.55023857658,1577367.0907677386,253.08307283601656,21.23018789091837,183432.45954650236,257730.7699935261,2.2
-0.08840834624373559,0.07948091995637913,0.0037854117839999993,14579.959664041025,1559861.746367521,253.03284175024777,20.996637748190395,183439.74468391694,257730.76999354325,2.21
-0.08742465801465882,0.07860667337623253,0.0037854117839999993,14420.15297854223,1542554.8950912189,252.98313004815455,20.765686234845976,183446.93089254046,257730.76999356018,2.22
-0.0864521820912625,0.07774215155531991,0.0037854117839999993,14262.110201933036,1525444.1812071207,252.93393264381749,20.537303731107084,183454.01968691818,257730.7699935767,2.23
-0.08549078406662997,0.07688724371465361,0.0037854117839999993,14105.811584465313,1508527.2796298214,252.8852444951203,20.311460972261195,183461.0125551548,257730.76999359272,2.24
-0.08454033131262681,0.07604184040152734,0.0037854117839999993,13951.237603979149,1491801.895451705,252.8370606035056,20.08812904396225,183467.91095943717,257730.76999360847,2.25
-0.08360069295206661,0.07520583347200667,0.0037854117839999993,13798.368963129768,1475265.7634833541,252.78937601372445,19.86727937760514,183474.7163365437,257730.76999362398,2.2600000000000002
-0.0826717398314201,0.07437911607369246,0.0037854117839999993,13647.186586651775,1458916.647802709,252.74218581358826,19.648883745772288,183481.4300983434,257730.76999363914,2.27
-0.08175334449405386,0.07356158262875193,0.0037854117839999993,13497.671618660132,1442752.3413127428,252.69548513371655,19.43291425775092,183488.0536322841,257730.769993654,2.2800000000000002
-0.0808453811539865,0.07275312881721206,0.0037854117839999993,13349.805419987222,1426770.6653074597,252.64926914728372,19.219343355119666,183494.58830186972,257730.7699936686,2.29
-0.07994772567014882,0.07195365156051058,0.0037854117839999993,13203.569565555503,1410969.4690460293,252.60353306976538,19.008143807403172,183501.03544712736,257730.76999368292,2.3000000000000003
-0.0790602555211377,0.0711630490052992,0.0037854117839999993,13058.945841785178,1395346.6293348463,252.55827215868163,18.799288707793384,183507.39638506406,257730.76999369691,2.31
-0.07818284978045029,0.0703812205074947,0.0037854117839999993,12915.91624403639,1379900.0501173532,252.51348171334112,18.59275146893628,183513.67241011417,257730.76999371062,2.32
-0.07731538909218764,0.06960806661657282,0.0037854117839999993,12774.462974085305,1364627.662071425,252.46915707458217,18.38850581878276,183519.86479457634,257730.76999372419,2.33
-0.07645775564721806,0.06884348906010064,0.0037854117839999993,12634.568437633696,1349527.4222141553,252.42529362451407,18.186525796502526,183525.97478904168,257730.76999373751,2.34
-0.07560983315978663,0.06808739072850277,0.0037854117839999993,12496.215241851387,1334597.313513865,252.3818867862562,17.986785748459745,183532.00362281202,257730.76999375052,2.35
-0.0747715068445637,0.06733967566005714,0.0037854117839999993,12359.386192951226,1319835.3445091788,252.33893202367813,17.789260324249348,183537.9525043103,257730.76999376318,2.36
-0.07394266339411983,0.06660024902611594,0.0037854117839999993,12224.064293795902,1305239.5489349915,252.29642484113697,17.59392447279283,183543.82262148123,257730.76999377567,2.37
-0.07312319095681795,0.06586901711654776,0.0037854117839999993,12090.232741536252,1290807.9853551849,252.25436078321547,17.400753438492433,183549.6151421837,257730.7699937879,2.38
-0.072312979115114,0.06514588732539663,0.0037854117839999993,11957.874925280543,1276538.7368019298,252.21273543445818,17.20972275744272,183555.33121457472,257730.7699937998,2.39
-0.07151191886425526,0.06443076813675408,0.0037854117839999993,11826.974423794272,1262429.9104214346,252.17154441910841,17.020808253698323,183560.97196748547,257730.76999381153,2.4
-0.07071990259136839,0.0637235691108404,0.0037854117839999993,11697.515003230024,1248479.637125988,252.1307834008436,16.83398603559702,183566.53851078925,257730.76999382308,2.41
-0.06993682405492789,0.06302420087029112,0.0037854117839999993,11569.480614886923,1234686.0712521658,252.0904480825111,16.649232492137013,183572.0319357614,257730.76999383452,2.42
-0.06916257836459656,0.06233257508664515,0.0037854117839999993,11442.855392999243,1221047.3902250472,252.0505342058623,16.46652428940744,183577.45331543172,257730.76999384566,2.43
-0.06839706196142924,0.06164860446703086,0.0037854117839999993,11317.623652553795,1207561.7942283354,252.0110375512889,16.28583836707126,183582.80370492997,257730.76999385655,2.44
-0.06764017259843187,0.06097220274104654,0.0037854117839999993,11193.769887135559,1194227.505880221,251.97195393755567,16.107151934899388,183588.08414182326,257730.76999386723,2.45
-0.0668918093214685,0.060303284647831856,0.0037854117839999993,11071.278766801248,1181042.769914892,251.93327922153634,15.930442469355368,183593.29564644708,257730.76999387782,2.46
-0.06615187245050738,0.05964176592332678,0.0037854117839999993,10950.135135980312,1168005.852869544,251.89500929794704,15.755687710229518,183598.43922222886,257730.76999388824,2.47
-0.06542026356119973,0.05898756328771478,0.0037854117839999993,10830.324011403054,1155115.0427767863,251.8571400990807,15.582865657321786,183603.51585600525,257730.76999389834,2.48
-0.06469688546678296,0.058340594433046955,0.0037854117839999993,10711.830580055355,1142368.648862322,251.81966759454096,15.411954567172385,183608.52651833202,257730.7699939083,2.49
-0.06398164220030211,0.05770077801104393,0.0037854117839999993,10594.640197159777,1129765.001247792,251.78258779097757,15.2429329498394,183613.4721637889,257730.76999391802,2.5
-0.06327443899714187,0.05706803362107251,0.0037854117839999993,10478.738384182461,1117302.450658663,251.74589673181944,15.075779565722543,183618.3537312763,257730.7699939277,2.5100000000000002
-0.06257518227786255,0.056442281798293886,0.0037854117839999993,10364.110826865624,1104979.3681370663,251.70959049701023,14.910473422432263,183623.17214430738,257730.76999393708,2.52
-0.06188377963133398,0.05582344400198055,0.0037854117839999993,10250.743373285175,1092794.1447594739,251.6736652027428,14.746993771703375,183627.92831129322,257730.7699939463,2.5300000000000002
-0.06120013979816002,0.05521144260399895,0.0037854117839999993,10138.622031933124,1080745.1913591102,251.6381170011946,14.585320106352519,183632.6231258226,257730.7699939554,2.54
-0.060524172654388204,0.05460620087745507,0.0037854117839999993,10027.732969824418,1068830.9382530032,251.602942080263,14.425432157278633,183637.25746693552,257730.76999396435,2.5500000000000003
-0.059855789195498055,0.054007642985500086,0.0037854117839999993,9918.062510627851,1057049.8349735753,251.568136663301,14.267309890505718,183641.83219939153,257730.7699939731,2.56
-0.05919490152066221,0.053415693970293464,0.0037854117839999993,9809.597132820727,1045400.3500046819,251.53369700885355,14.1109335042672,183646.34817393226,257730.76999398164,2.57
-0.05854142281727479,0.05283027974212071,0.0037854117839999993,9702.32346786689,1033880.9705220038,251.4996194103943,13.956283426131144,183650.806227539,257730.7699939901,2.58
-0.05789526734574102,0.052251327068663304,0.0037854117839999993,9596.228298417804,1022490.2021377068,251.46590019606293,13.803340310165662,183655.20718368416,257730.76999399834,2.59
-0.05725635042452278,0.05167876356441808,0.0037854117839999993,9491.29855653642,1011226.5686492763,251.43253572840283,13.652085034143827,183659.55185257914,257730.76999400664,2.6
-0.05662458841543503,0.05111251768026373,0.0037854117839999993,9387.521321943343,1000088.6117924437,251.39952240409914,13.50249869678742,183663.84103141492,257730.76999401464,2.61
-0.0559998987091874,0.05055251869317186,0.0037854117839999993,9284.883820285191,989074.8909981255,251.36685665371795,13.354562615048875,183668.07550459998,257730.76999402244,2.62
-0.05538219971116609,0.0499986966960602,0.0037854117839999993,9183.373421424672,978183.98315329,251.33453494144612,13.2082583214308,183672.25604399215,257730.76999403024,2.63
-0.05477141082745139,0.049450982587785686,0.0037854117839999993,9082.977637752136,967414.4823656693,251.30255376483115,13.063567561342408,183676.38340912596,257730.76999403795,2.64
-0.05416745245106542,0.04890930806327503,0.0037854117839999993,8983.684122518278,956764.9997322488,251.27090965452223,12.920472290492304,183680.45834743546,257730.7699940453,2.65
-0.053570245948446095,0.048373605603790566,0.0037854117839999993,8885.480668187762,946234.1631114492,251.23959917401223,12.778954672316985,183684.48159447295,257730.76999405268,2.66
-0.052979713646141804,0.04784380846732915,0.0037854117839999993,8788.355204813346,935820.6168989373,251.20861891938026,12.638997075444502,183688.45387412258,257730.7699940599,2.67
-0.052395778817723455,0.04731985067915191,0.0037854117839999993,8692.295798430334,925523.0218069819,251.17796551903479,12.500582071192687,183692.37589881002,257730.769994067,2.68
-0.051818365670908376,0.04680166702244283,0.0037854117839999993,8597.290649471044,915340.0546472983,251.1476356334578,12.363692431101398,183696.24836970828,257730.76999407384,2.69
-0.05124739933489275,0.0462891930290939,0.0037854117839999993,8503.328091198966,905270.4081173035,251.11762595495048,12.228311124498235,183700.07197693887,257730.7699940807,2.7
-0.05068280584788771,0.045782364970615025,0.0037854117839999993,8410.396588162392,895312.7905897205,251.08793320737857,12.094421316097174,183703.847399769,257730.76999408734,2.71
-0.05012451214485566,0.04528111984916647,0.0037854117839999993,8318.484734667227,885465.9259054632,251.05855414591966,11.9620063636296,183707.57530680535,257730.76999409398,2.72
-0.04957244604544228,0.04478539538871205,0.0037854117839999993,8227.581253268707,875728.55316974,251.02948555681033,11.83104981550722,183711.25635618326,257730.76999410047,2.73
-0.049026536242100634,0.04429513002629104,0.0037854117839999993,8137.674993281783,866099.4265513214,251.0007242570964,11.701535408516351,183714.89119575283,257730.76999410687,2.74
-0.048486712288403996,0.043810262903407,0.0037854117839999993,8048.754929309908,856577.3150848937,250.97226709438127,11.573447065543084,183718.48046326105,257730.7699941131,2.75
-0.04795290458754257,0.04333073385753157,0.0037854117839999993,7960.810159791956,847161.0024764602,250.94411094657784,11.446768893328827,183722.02478653015,257730.76999411927,2.7600000000000002
-0.04742504438100204,0.04285648341372155,0.0037854117839999993,7873.8299055670495,837849.2869117182,250.9162527216603,11.32148518025577,183725.52478363286,257730.76999412538,2.77
-0.04690306373741923,0.04238745277634736,0.0037854117839999993,7787.803508457024,828640.9808673571,250.88868935741615,11.19758039416178,183728.98106306352,257730.7699941313,2.7800000000000002
-0.04638689554161167,0.04192358382093125,0.0037854117839999993,7702.72042986635,819534.9109252335,250.86141782120163,11.075039180184275,183732.39422390703,257730.7699941371,2.79
-0.045876473483778595,0.04146481908609346,0.0037854117839999993,7618.570249399175,810529.9175893541,250.83443510969607,10.953846358632635,183735.76485600305,257730.76999414287,2.8000000000000003
-0.04537173204886872,0.04101110176560477,0.0037854117839999993,7535.342663493346,801624.8551056271,250.80773824865878,10.833986922888698,183739.09354010806,257730.76999414858,2.81
-0.04487260650611282,0.04056237570054364,0.0037854117839999993,7453.027484071123,792818.5912843174,250.78132429268533,10.715446037334903,183742.38084805355,257730.76999415405,2.82
-0.04437903289871713,0.04011858537155647,0.0037854117839999993,7371.614637206418,784110.0073251756,250.75519032496794,10.598209035309665,183745.62734290207,257730.76999415958,2.83
-0.04389094803371528,0.03967967589121932,0.0037854117839999993,7291.094161808234,775497.9976451659,250.72933345705357,10.482261417089552,183748.83357909872,257730.76999416502,2.84
-0.043408289471974996,0.039245592996499566,0.0037854117839999993,7211.456208320231,766981.46970877,250.70375082860616,10.367588847897869,183752.00010262153,257730.76999417032,2.85
-0.04293099551835739,0.03881628304131599,0.0037854117839999993,7132.691037436047,758559.3438608007,250.67843960716783,10.254177155939239,183755.1274511272,257730.76999417553,2.86
-0.04245900521202547,0.03839169298919574,0.0037854117839999993,7054.789018830297,750230.5531616943,250.65339698792303,10.142012330459778,183758.21615409534,257730.76999418077,2.87
-0.041992258316899234,0.03797177040602674,0.0037854117839999993,6977.740629904945,741994.0432252262,250.62862019346287,10.03108051983249,183761.26673296918,257730.76999418583,2.88
-0.041530695312255186,0.03755646345290419,0.0037854117839999993,6901.536454550904,733848.772058612,250.6041064735509,9.921368029667496,183764.2797012938,257730.7699941909,2.89
-0.0410742573834664,0.037145720879069526,0.0037854117839999993,6826.167181924612,725793.7099049496,250.57985310489036,9.812861320946723,183767.25556485157,257730.76999419578,2.9
-0.0406228864128818,0.03673949201494071,0.0037854117839999993,6751.6236052394515,717827.8390879625,250.55585739089275,9.705547008182695,183770.19482179545,257730.76999420056,2.91
-0.04017652497084153,0.036337726765232295,0.0037854117839999993,6677.8966205717325,709950.1538589984,250.53211666144716,9.599411857601039,183773.09796277905,257730.7699942054,2.92
-0.03973511630682592,0.03594037560216404,0.0037854117839999993,6604.977225681111,702159.6602462485,250.50862827269162,9.4944427853464,183775.96547108464,257730.76999421013,2.93
-0.0392986043407356,0.03554738955875668,0.0037854117839999993,6532.856518845232,694455.3759061475,250.48538960678547,9.39062685571137,183778.79782274872,257730.76999421485,2.94
-0.03886693365430089,0.03515872022221367,0.0037854117839999993,6461.525697708395,686836.3299769103,250.4623980716818,9.287951279388123,183781.59548668473,257730.76999421936,2.95
-0.03844004948261725,0.034774319727387495,0.0037854117839999993,6390.976058144088,679301.5629341811,250.43965110090443,9.186403411742404,183784.35892480434,257730.76999422384,2.96
-0.038017897705805694,0.03439414075032944,0.0037854117839999993,6321.198993131174,671850.1264487393,250.41714615332228,9.085970751109556,183787.08859213546,257730.76999422823,2.97
-0.03760042484079466,0.034018136501921495,0.0037854117839999993,6252.18599164357,664481.083246245,250.39488071292783,8.986640937112247,183789.78493693852,257730.76999423254,2.98
-0.03718757803322221,0.03364626072158927,0.0037854117839999993,6183.928637553252,657193.5069689773,250.37285228861572,8.888401748999595,183792.44840082058,257730.76999423682,2.99
-0.036779305049455965,0.033278467671094714,0.0037854117839999993,6116.418608546389,649986.4820395372,250.35105841396344,8.791241104007383,183795.0794188471,257730.76999424092,3.0
-0.03637555426872881,0.03291471212840742,0.0037854117839999993,6049.647675052438,642859.1035264751,250.3294966470125,8.69514705573903,183797.67841965173,257730.7699942452,3.0100000000000002
-0.03597627467538828,0.03255494938165354,0.0037854117839999993,5983.607699186047,635810.4770118184,250.30816457005125,8.600107792567053,183800.24582554353,257730.76999424928,3.02
-0.03558141585125759,0.03219913522314097,0.0037854117839999993,5918.29063370161,628839.7184604598,250.28705978939982,8.506111636054698,183802.7820526135,257730.76999425323,3.0300000000000002
-0.03519092796810666,0.0318472259434599,0.0037854117839999993,5853.688520960249,621945.9540913801,250.26617993519562,8.413147039397472,183805.28751083746,257730.76999425722,3.04
-0.034804761780230994,0.03149917832565759,0.0037854117839999993,5789.793491909143,615128.320250669,250.2455226611801,8.321202585884272,183807.76260417813,257730.7699942611,3.0500000000000003
-0.03442286861713632,0.031154949639486222,0.0037854117839999993,5726.59776507299,608385.9632863188,250.22508564448736,8.230266987377833,183810.20773068492,257730.76999426488,3.06
-0.034045200376327765,0.030814497635722943,0.0037854117839999993,5664.093645557462,601718.0394247624,250.20486658543456,8.140329082814244,183812.62328259196,257730.76999426878,3.0700000000000003
-0.033671709516201416,0.03047778054056093,0.0037854117839999993,5602.273524064496,595123.7146491163,250.1848632073121,8.05137783672122,183815.009646414,257730.76999427265,3.08
-0.03330234904903639,0.030144757050070563,0.0037854117839999993,5541.129875919276,588602.1645791153,250.165073256177,7.963402337754906,183817.36720304086,257730.7699942763,3.09
-0.03293707253408586,0.029815386324729704,0.0037854117839999993,5480.65526010876,582152.5743526993,250.14549450064663,7.876391797254919,183819.69632783034,257730.76999427986,3.1
-0.032575834070765704,0.02948962798402205,0.0037854117839999993,5420.842318331577,575774.1385092307,250.12612473169426,7.790335547817393,183821.99739069873,257730.76999428342,3.11
-0.032218588291938535,0.029167442101102663,0.0037854117839999993,5361.683774059185,569466.0608743135,250.1069617624459,7.705223041885756,183824.27075621038,257730.76999428705,3.12
-0.03186529035729172,0.028848789197529746,0.0037854117839999993,5303.17243160811,563227.5544461886,250.088003427978,7.621043850359015,183826.51678366482,257730.76999429052,3.13
-0.03151589594680819,0.028533630238061665,0.0037854117839999993,5245.301175223163,557057.8412836798,250.0692475851174,7.5377876612172745,183828.73582718318,257730.76999429395,3.14
-0.0311703612543278,0.02822192662551839,0.0037854117839999993,5188.062968171467,550956.1523956662,250.05069211224244,7.455444278164268,183830.92823579232,257730.76999429736,3.15
-0.030828642981198636,0.027913640195706402,0.0037854117839999993,5131.450851847164,544921.7276320552,250.03233490908534,7.374003619286669,183833.09435350783,257730.76999430073,3.16
-0.03049069833001571,0.027608733212406245,0.0037854117839999993,5075.457944886668,538953.8155762291,250.01417389653517,7.293455715729935,183835.23451941516,257730.7699943041,3.17
-0.03015648499844648,0.02730716836242178,0.0037854117839999993,5020.077442294342,533051.6734389518,249.99620701644443,7.2137907103904615,183837.34906774966,257730.7699943075,3.18
-0.02982596117314155,0.027008908750690366,0.0037854117839999993,4965.302614578439,527214.5669536965,249.97843223143403,7.134998856623829,183839.43832797476,257730.76999431069,3.19
-0.029499085523728766,0.026713917895453076,0.0037854117839999993,4911.1268068972095,521441.7702733899,249.9608475247026,7.057070516968909,183841.5026248592,257730.769994314,3.2
-0.029175817196889876,0.026422159723484176,0.0037854117839999993,4857.543438215027,515732.56586853333,249.94345089983506,6.979996161887623,183843.54227855237,257730.76999431706,3.21
-0.028856115810518154,0.026133598565378995,0.0037854117839999993,4804.5460004684055,510086.2444266922,249.92624038061356,6.903766368520134,183845.55760465853,257730.7699943202,3.22
-0.02853994144795561,0.025848199150899438,0.0037854117839999993,4752.12805774181,504502.1047533248,249.9092140108298,6.8283718194552545,183847.54891431,257730.76999432326,3.23
-0.02822725465230872,0.02556592660437635,0.0037854117839999993,4700.283245453089,498979.45367393264,249.89236985409823,6.75380330151589,183849.5165142381,257730.7699943263,3.24
-0.027918016420841296,0.025286746440167936,0.0037854117839999993,4649.0052695484555,493517.60593751003,249.87570599367126,6.680051704559268,183851.46070684373,257730.7699943293,3.25
-0.02761218819944322,0.025010624558173503,0.0037854117839999993,4598.287905706892,488115.88412127405,249.8592205322553,6.607108020291804,183853.38179026666,257730.76999433222,3.2600000000000002
-0.027309731877173823,0.024737527239401765,0.0037854117839999993,4548.124998553813,482773.6185366547,249.8429115918287,6.534963341098367,183855.28005845268,257730.76999433507,3.27
-0.02701060978087901,0.024467421141592973,0.0037854117839999993,4498.510460883936,477490.1471365249,249.8267773134606,6.463608858885768,183857.1558012205,257730.76999433787,3.2800000000000002
-0.026714784669880528,0.02420027329489417,0.0037854117839999993,4449.43827289321,472264.81542365265,249.8108158571316,6.393035863940285,183859.00930432725,257730.76999434072,3.29
-0.026422219730736527,0.023936051097586803,0.0037854117839999993,4400.902481419676,467096.97636035504,249.79502540155525,6.323235743799018,183860.84084953213,257730.76999434354,3.3000000000000003
-0.0261328785720722,0.02367472231186608,0.0037854117839999993,4352.8971991931985,461985.9902793369,249.7794041440015,6.254199982134912,183862.6507146599,257730.76999434628,3.31
-0.025846725219479512,0.023416255059671286,0.0037854117839999993,4305.416604093903,456931.22479569743,249.7639503001214,6.185920157655242,183864.43917366271,257730.7699943489,3.3200000000000003
-0.025563724110484746,0.023160617818566438,0.0037854117839999993,4258.4549384192405,451932.0547200811,249.74866210377223,6.118387943013399,183866.20649668077,257730.76999435166,3.33
-0.025283840089582874,0.02290777941767061,0.0037854117839999993,4212.006508159581,446987.86197296524,249.73353780684593,6.051595103733796,183867.95295010228,257730.76999435437,3.34
-0.025007038403338015,0.02265770903363723,0.0037854117839999993,4166.065682282196,442098.035500057,249.71857567909674,5.985533497149707,183869.67879662188,257730.7699943569,3.35
-0.024733284695548384,0.022410376186681746,0.0037854117839999993,4120.626892023571,437261.97118879063,249.70377400797184,5.920195071353894,183871.38429529875,257730.7699943595,3.36
-0.02446254500247531,0.022165750736656994,0.0037854117839999993,4075.684630189905,432479.0717859044,249.68913109844218,5.855571864161819,183873.06970161272,257730.76999436214,3.37
-0.024194785748134898,0.021923802879175645,0.0037854117839999993,4031.233450465721,427748.7468160836,249.67464527283596,5.791656002087315,183874.7352675203,257730.76999436473,3.38
-0.02392997373965188,0.021684503141779127,0.0037854117839999993,3987.2679667304765,423070.4125016489,249.66031487067116,5.728439699330511,183876.3812415089,257730.76999436726,3.39
-0.02366807616267386,0.02144782238015239,0.0037854117839999993,3943.782852383092,418443.4916832838,249.64613824849243,5.665915256777886,183878.0078686511,257730.76999436982,3.4
-0.02340906057684621,0.021213731774383928,0.0037854117839999993,3900.7728396742787,413867.4137417757,249.63211377970714,5.604075061014269,183879.6153906571,257730.7699943722,3.41
-0.02315289491134564,0.020982202825270472,0.0037854117839999993,3858.232719046577,409341.6145207606,249.61823985442294,5.542911583346641,183881.2040459266,257730.7699943745,3.42
-0.02289954746047209,0.020753207350665753,0.0037854117839999993,3816.1573384820317,404865.5362504593,249.60451487928825,5.4824173788395845,183882.77406959995,257730.76999437698,3.43
-0.02264898687929801,0.020526717481872774,0.0037854117839999993,3774.541602857366,400438.6274723826,249.59093727733156,5.422585085362216,183884.3256936078,257730.76999437928,3.44
-0.02240118217937402,0.020302705660079034,0.0037854117839999993,3733.3804733066204,396060.3429650002,249.5775054878042,5.363407422646476,183885.8591467206,257730.76999438158,3.45
-0.022156102724490284,0.02008114463283413,0.0037854117839999993,3692.66896659112,391730.1436703526,249.56421796602294,5.30487719135661,183887.37465459702,257730.76999438397,3.46
-0.021913718226492702,0.019862007450569204,0.0037854117839999993,3652.402154476699,387447.49662159773,249.5510731832156,5.246987272169703,183888.87243983126,257730.7699943863,3.47
-0.021673998741152993,0.019645267463157673,0.0037854117839999993,3612.575163118087,383211.8748714725,249.53806962636557,5.189730624867119,183890.3527219996,257730.7699943885,3.48
-0.021436914664092033,0.019430898316516752,0.0037854117839999993,3573.1831724503995,379022.757421662,249.5252057980597,5.133100287436722,183891.8157177069,257730.76999439078,3.49
-0.02120243672675559,0.019218873949249198,0.0037854117839999993,3534.221415587589,374879.6291530611,249.51248021633677,5.0770893751857145,183893.26164063095,257730.76999439302,3.5
-0.0209705359924417,0.01900916858932478,0.0037854117839999993,3495.6851782278304,370781.9807569125,249.49989141453656,5.021691079863977,183894.6907015674,257730.76999439526,3.5100000000000002
-0.020741183852378917,0.01880175675080099,0.0037854117839999993,3457.569798065725,366729.30866681534,249.48743794115123,4.9668986687977705,183896.1031084729,257730.7699943975,3.52
-0.020514352021854598,0.018596613230582443,0.0037854117839999993,3419.870664211248,362721.1149915856,249.4751183596775,4.912705484033662,183897.49906650814,257730.76999439968,3.5300000000000002
-0.02029001253639278,0.018393713105218517,0.0037854117839999993,3382.5832166153627,358756.9074489593,249.4629312484697,4.859104941492547,183898.87877808008,257730.76999440193,3.54
-0.02006813774798063,0.01819303172773871,0.0037854117839999993,3345.7029455022107,354836.19930012675,249.45087520059488,4.806090530133647,183900.24244288294,257730.769994404,3.5500000000000003
-0.01984870032134272,0.017994544724525285,0.0037854117839999993,3309.2253908078114,350958.5092850844,249.43894882368855,4.753655811128338,183901.59025793927,257730.769994406,3.56
-0.01963167323026294,0.017798227992222655,0.0037854117839999993,3273.1461416251846,347123.3615587939,249.42715073981174,4.701794417043707,183902.9224176396,257730.7699944079,3.5700000000000003
-0.019417029753952625,0.01760405769468313,0.0037854117839999993,3237.4608356558233,343330.2856281384,249.41547958530964,4.650500051035698,183904.23911378218,257730.76999440993,3.58
-0.019204743473464982,0.01741201025994848,0.0037854117839999993,3202.1651586674375,339578.81628966035,249.40393401067135,4.599766486051728,183905.54053561142,257730.7699944119,3.59
-0.018994788268154407,0.017222062377266936,0.0037854117839999993,3167.2548439578823,335868.4935680746,249.39251268038979,4.5495875640426595,183906.8268698555,257730.76999441395,3.6
-0.01878713831218071,0.01703419099414513,0.0037854117839999993,3132.7256718252384,332198.86265554535,249.38121427282496,4.499957195184008,183908.09830076442,257730.76999441592,3.61
-0.018581768071057266,0.016848373313434556,0.0037854117839999993,3098.573469043908,328569.47385171143,249.37003748006578,4.4508693571062645,183909.35501014616,257730.76999441773,3.62
-0.018378652298242423,0.016664586790452133,0.0037854117839999993,3064.7941083467176,324979.8825044589,249.35898100779616,4.40231809413423,183910.59717740325,257730.76999441962,3.63
-0.018177766031773828,0.016482809130134394,0.0037854117839999993,3031.3835079129035,321429.64895141916,249.34804357515932,4.3542975165352305,183911.82497956807,257730.76999442145,3.64
-0.017979084590944678,0.016303018284224948,0.0037854117839999993,2998.3376308619463,317918.3384621919,249.3372239146248,4.3068017997761245,183913.03859133765,257730.7699944233,3.65
-0.01778258357302177,0.01612519244849473,0.0037854117839999993,2965.652484753171,314445.5211812794,249.3265207718572,4.25982518378897,183914.23818510838,257730.76999442512,3.66
-0.017588238850004316,0.015949310059994688,0.0037854117839999993,2933.324121091036,311010.77207172,249.31593290558425,4.21336197224526,183915.4239310094,257730.76999442696,3.67
-0.01739602656542327,0.015775349794340456,0.0037854117839999993,2901.348634836061,307613.67085941613,249.30545908746768,4.167406531838614,183916.595996936,257730.7699944288,3.68
-0.017205923131180374,0.015603290563028652,0.0037854117839999993,2869.722163921315,304253.8019781432,249.29509810197447,4.121953291575809,183917.75454858234,257730.76999443062,3.69
-0.01701790522442655,0.015433111510784386,0.0037854117839999993,2838.4408887743966,300930.7545152331,249.2848487462497,4.076996742076076,183918.89974947335,257730.76999443237,3.7
-0.0168319497844791,0.015264792012939595,0.0037854117839999993,2807.5010318448585,297644.1221579198,249.2747098299898,4.032531434878525,183920.03176099667,257730.7699944341,3.71
-0.016648034009776817,0.015098311672841827,0.0037854117839999993,2776.8988571369837,294393.5031403424,249.26468017531778,3.9885519817576154,183921.1507424334,257730.7699944359,3.72
-0.016466135354873058,0.014933650319293097,0.0037854117839999993,2746.6306697478794,291178.500191192,249.25475861665944,3.9450530540465767,183922.25685098904,257730.7699944376,3.73
-0.01628623152746579,0.014770788004018438,0.0037854117839999993,2716.6928154108,287998.72048199736,249.24494400061934,3.90202938196867,183923.35024182295,257730.7699944393,3.74
-0.016108300485464237,0.014609704999163796,0.0037854117839999993,2687.0816800436633,284853.77557603933,249.23523518586023,3.8594757539762017,183924.43106807847,257730.76999444084,3.75
-0.015932320434091797,0.014450381794822878,0.0037854117839999993,2657.7936893026763,281743.28137788543,249.22563104298186,3.8173870160971846,183925.49948091205,257730.7699944426,3.7600000000000002
-0.0157582698230244,0.014292799096592633,0.0037854117839999993,2628.8253081410203,278666.8580835364,249.21613045440128,3.7757580712895664,183926.55562952155,257730.76999444424,3.77
-0.015586127343564198,0.014136937823156991,0.0037854117839999993,2600.17304037253,275624.1301311765,249.2067323142341,3.734583878802918,183927.59966117417,257730.7699944459,3.7800000000000002
-0.01541587192584767,0.013982779103898514,0.0037854117839999993,2571.83342824033,272614.7261525202,249.19743552817766,3.6938594535475024,183928.63172123497,257730.76999444756,3.79
-0.01524748273608823,0.013830304276537631,0.0037854117839999993,2543.803051990328,269638.2789247468,249.1882390133942,3.6535798654706237,183929.65195319336,257730.76999444907,3.8000000000000003
-0.01508093917385225,0.01367949488479911,0.0037854117839999993,2516.0785294495563,266694.4253230143,249.17914169839582,3.6137402389401743,183930.66049869035,257730.76999445062,3.81
-0.01491622086936859,0.013530332676105424,0.0037854117839999993,2488.656515609259,263782.80627354543,249.17014252292947,3.574335752135289,183931.6574975446,257730.7699944521,3.8200000000000003
-0.014753307680870732,0.013382799599296717,0.0037854117839999993,2461.5337022127105,260903.0667072806,249.16124043786502,3.5353616364440206,183932.64308777868,257730.7699944537,3.83
-0.014592179691971503,0.013236877802377003,0.0037854117839999993,2434.70681734768,258054.85551408582,249.15243440508198,3.496813175867951,183933.6174056445,257730.76999445533,3.84
-0.014432817209069592,0.013092549630286306,0.0037854117839999993,2408.172625043495,255237.82549751163,249.14372339735894,3.458685706433651,183934.5805856482,257730.76999445673,3.85
-0.014275200758787576,0.01294979762269843,0.0037854117839999993,2381.9279248726652,252451.63333009448,249.13510639826288,3.420974615610916,183935.53276057515,257730.76999445824,3.86
-0.014119311085441155,0.012808604511844018,0.0037854117839999993,2355.969551556994,249695.9395091949,249.12658240204115,3.383675341737675,183936.47406151443,257730.76999445978,3.87
-0.01396512914853892,0.012668953220358629,0.0037854117839999993,2330.2943745781276,246970.40831336202,249.11815041351215,3.3467833734515136,183937.40461788228,257730.7699944611,3.88
-0.013812636120312466,0.012530826859155504,0.0037854117839999993,2304.899297792508,244274.70775922204,249.109809447959,3.310294249127721,183938.32455744612,257730.76999446264,3.89
-0.01366181338327635,0.01239420872532274,0.0037854117839999993,2279.7812590506537,241608.50955888082,249.10155853102353,3.2742035563237795,183939.2340063475,257730.76999446415,3.9
-0.013512642527817491,0.012259082300044565,0.0037854117839999993,2254.937229820733,238971.4890778337,249.09339669860063,3.2385069312302237,183940.13308912495,257730.76999446555,3.91
-0.013365105349813678,0.012125431246546428,0.0037854117839999993,2230.3642148163835,236363.32529337858,249.08532299673453,3.2032000581277926,183941.02192873653,257730.76999446706,3.92
-0.013219183848280733,0.01199323940806362,0.0037854117839999993,2206.0592516287074,233783.70075352295,249.07733648151563,3.168278668850792,183941.90064658175,257730.76999446837,3.93
-0.01307486022304802,0.01186249080583314,0.0037854117839999993,2182.0194103624217,231232.30153638014,249.06943621897835,3.133738542256607,183942.76936252357,257730.7699944698,3.94
-0.01293211687246182,0.011733169637108522,0.0037854117839999993,2158.2417932760964,228708.81721004797,249.06162128500011,3.09957550370127,183943.62819490995,257730.7699944712,3.95
-0.012790936391116432,0.011605260273197358,0.0037854117839999993,2134.723534426427,226212.94079296262,249.05389076520015,3.065785424521033,183944.47726059405,257730.76999447247,3.96
-0.012651301567612275,0.011478747257521234,0.0037854117839999993,2111.4617993165284,223744.36871472435,249.0462437548419,3.0323642215198525,183945.3166749562,257730.7699944738,3.97
-0.01251319538234101,0.011353615303697825,0.0037854117839999993,2088.453784548162,221302.80077738533,249.03867935873268,2.9993078564627376,183946.14655192354,257730.76999447498,3.98
-0.012376601005297066,0.011229849293644853,0.0037854117839999993,2065.6967174778742,218887.94011719714,249.03119669112814,2.966612335574865,183946.96700399034,257730.7699944762,3.99
-0.0122415017939154,0.011107434275705699,0.0037854117839999993,2043.1878558770006,216499.49316680888,249.0237948756342,2.9342737090464186,183947.7781422379,257730.76999447748,4.0
-0.012107881290935023,0.01098635546279635,0.0037854117839999993,2020.9244875954803,214137.16961791352,249.0164730451127,2.902288070543068,183948.5800763537,257730.76999447876,4.01
-0.011975723222287986,0.01086659823057347,0.0037854117839999993,1998.903930229448,211800.68238433253,249.0092303415854,2.8706515567220183,183949.37291465118,257730.76999448016,4.0200000000000005
-0.01184501149501357,0.010748148115623335,0.0037854117839999993,1977.1235307925479,209489.74756553874,249.00206591614167,2.8393603467535824,183950.15676408785,257730.7699944815,4.03
-0.011715730195197279,0.010630990813671361,0.0037854117839999993,1955.5806653909422,207204.08441060554,248.9949789288441,2.8084106618481863,183950.9317302845,257730.76999448272,4.04
-0.011587863585934338,0.010515112177812017,0.0037854117839999993,1934.2727389019576,204943.41528258307,248.98796854863787,2.7777987647887605,183951.69791754335,257730.76999448394,4.05
-0.01146139610531739,0.010400498216758843,0.0037854117839999993,1913.1971846563322,202707.46562329133,248.98103395325884,2.7475209594684467,183952.4554288661,257730.76999448522,4.0600000000000005
-0.011336312364448048,0.010287135093114363,0.0037854117839999993,1892.351464124024,200495.9639185272,248.9741743291435,2.717573590433554,183953.20436597153,257730.76999448647,4.07
-0.011212597145472014,0.010175009121659643,0.0037854117839999993,1871.7330666035346,198308.64166368012,248.96738887133952,2.6879530424317095,183953.944829313,257730.76999448767,4.08
-0.011090235399637542,0.010064106767663268,0.0037854117839999993,1851.3395089147216,196145.23332975045,248.9606767834175,2.658655739965137,183954.67691809617,257730.76999448886,4.09
-0.010969212245376756,0.0099544146452095,0.0037854117839999993,1831.1683350950314,194005.47632976618,248.95403727738295,2.629678146849004,183955.40073029505,257730.76999449014,4.1
-0.010849512966409727,0.009845919515545403,0.0037854117839999993,1811.2171160991481,191889.11098559262,248.9474695735899,2.601016765774776,183956.11636266945,257730.7699944913,4.11
-0.010731121891779364,0.009738608296627609,0.0037854117839999993,1791.483451558078,189795.8807132241,248.9409729013311,2.572668140832208,183956.8239107073,257730.76999449247,4.12
-0.010613179963677314,0.009632476496990837,0.0037854117839999993,1771.9665207208905,187725.69652950863,248.9345470095166,2.5446310855016976,183957.52341305465,257730.76999449363,4.13
-0.010494950990585767,0.00952752698708498,0.0037854117839999993,1752.6668565719544,185678.61307021673,248.92819209252673,2.5169063580758855,183958.21485971948,257730.76999449474,4.14
-0.01037643531856657,0.009423762633899314,0.0037854117839999993,1733.5849914136425,183654.68491566743,248.92190834437346,2.489494715933213,183958.89824066262,257730.76999449576,4.15
-0.010257633348796754,0.009321186300411346,0.0037854117839999993,1714.7214567646279,181653.9665800686,248.91569595866426,2.462396915392322,183959.57354580038,257730.76999449695,4.16
-0.010138545538395488,0.00921980084502739,0.0037854117839999993,1696.0767832566548,179676.51250069882,248.90955512856613,2.4356137115642773,183960.24076500713,257730.7699944981,4.17
-0.010019172401204379,0.009119609121015346,0.0037854117839999993,1677.6515005298754,177722.37702693706,248.90348604676907,2.4091458582027143,183960.89988811838,257730.7699944993,4.18
-0.009899514508515608,0.00902061397593019,0.0037854117839999993,1659.4461371268378,175791.61440915326,248.89748890544993,2.3829941075520757,183961.55090493368,257730.76999450053,4.19
-0.009779572489742651,0.008922818251032763,0.0037854117839999993,1641.4612203852375,173884.2787874672,248.89156389623383,2.35715921019407,183962.19380521934,257730.7699945017,4.2
-0.009659347033027631,0.008826224780702486,0.0037854117839999993,1623.6972763295482,172000.42418039215,248.88571121015752,2.3316419148925247,183962.82857871166,257730.7699945028,4.21
-0.009538838885778986,0.008730836391844696,0.0037854117839999993,1606.15482956166,170140.1044733736,248.87993103763083,2.306442968436825,183963.45521511981,257730.76999450388,4.22
-0.009418048855133039,0.008636655903293365,0.0037854117839999993,1588.8344031506606,168303.37340723947,248.87422356839826,2.281563115484127,183964.07370412888,257730.76999450504,4.23
-0.00929697780833223,0.008543686125210044,0.0037854117839999993,1571.7365185219187,166490.2845665774,248.8685889915005,2.2570030984005744,183964.68403540258,257730.76999450618,4.24
-0.00917562667301272,0.008451929858479916,0.0037854117839999993,1554.8616953456385,164700.89136805735,248.86302749523557,2.2327636571017546,183965.28619858675,257730.76999450734,4.25
-0.009053996437393325,0.008361389894105982,0.0037854117839999993,1538.210451425058,162935.24704871819,248.85753926711985,2.208845528892659,183965.8801833121,257730.76999450833,4.26
-0.008932088150357427,0.008272069012602409,0.0037854117839999993,1521.7833025844943,161193.40465423913,248.8521244938492,2.185249448307421,183966.46597919744,257730.76999450935,4.2700000000000005
-0.008809902921418838,0.00818396998338822,0.0037854117839999993,1505.5807625574498,159475.41702721873,248.84678336125992,2.1619761469491485,183967.04357585253,257730.7699945104,4.28
-0.008687441920562,0.0080970955641826,0.0037854117839999993,1489.6033428750088,157781.33679548645,248.8415160542899,2.1390263533301774,183967.61296288145,257730.76999451156,4.29
-0.0085647063779464,0.008011448500403136,0.0037854117839999993,1473.8515527547718,156111.21636047182,248.83632275693995,2.116400792713107,183968.17412988518,257730.76999451267,4.3
-0.008441697583464226,0.007927031524568494,0.0037854117839999993,1458.325898990602,154465.10788566075,248.83120365223482,2.0941001869530016,183968.72706646458,257730.76999451377,4.3100000000000005
-0.008318416886139579,0.007843847355707098,0.0037854117839999993,1443.0268858434802,152843.06328517033,248.82615892218584,2.07212525434118,183969.27176222386,257730.76999451488,4.32
-0.008194865693356644,0.007761898698773532,0.0037854117839999993,1427.9550149337642,151245.13421247405,248.82118874775273,2.050476709451046,183969.80820677258,257730.76999451584,4.33
-0.008071045469903464,0.007681188244074497,0.0037854117839999993,1413.1107851352203,149671.37204931444,248.81629330880688,2.0291552629864427,183970.33638972943,257730.7699945169,4.34
-0.007946957736816623,0.007601718666706331,0.0037854117839999993,1398.4946924711635,148121.82789484115,248.81147278409478,2.0081616216330596,183970.85630072423,257730.76999451793,4.3500000000000005
-0.007822604070011145,0.00752349262600622,0.0037854117839999993,1384.1072300131243,146596.55255501682,248.8067273512025,1.987496487913459,183971.36792940085,257730.76999451884,4.36
-0.007697986098678665,0.007446512765019433,0.0037854117839999993,1369.94888778246,145095.59653233556,248.80205718652107,1.9671605600463344,183971.87126541973,257730.76999451988,4.37
-0.0075731055034350715,0.007370781709985082,0.0037854117839999993,1356.020152655366,143619.0100159029,248.79746246521307,1.9471545318106622,183972.36629846017,257730.76999452084,4.38
-0.007447964014197545,0.007296302069843106,0.0037854117839999993,1342.3215082718011,142166.84287192964,248.79294336118053,1.9274790924154601,183972.85301822287,257730.76999452178,4.39
-0.007322563407768625,0.00722307643576542,0.0037854117839999993,1328.8534349488434,140739.14463469747,248.788500047034,1.908134926375931,183973.33141443165,257730.7699945227,4.4
-0.007196905505102955,0.007151107380714391,0.0037854117839999993,1315.6164095990846,139335.96449805668,248.78413269406386,1.889122713396824,183973.8014768358,257730.76999452355,4.41
-0.0070709921682294485,0.007080397459032097,0.0037854117839999993,1302.6109056546782,137957.35130752492,248.77984147221298,1.8704431282639284,183974.26319521156,257730.7699945246,4.42
-0.0069448252967989794,0.007010949206064107,0.0037854117839999993,1289.8373929977402,136603.3535530578,248.77562655005153,1.8520968407446865,183974.71655936373,257730.76999452568,4.43
-0.006818406824224068,0.006942765137821866,0.0037854117839999993,1277.2963378978516,135274.01936257302,248.77148809475443,1.8340845154990058,183975.16155912686,257730.7699945268,4.44
-0.006691738713372999,0.006875847750688136,0.0037854117839999993,1264.988202957478,133969.3964963127,248.7674262720811,1.8164068120014436,183975.59818436613,257730.7699945277,4.45
-0.006564822951776061,0.006810199521170375,0.0037854117839999993,1252.9134470662166,132689.5323421408,248.7634412463585,1.799064384476058,183976.02642497845,257730.76999452876,4.46
-0.006437661546296296,0.006745822905707412,0.0037854117839999993,1241.0725253648354,131434.4739118785,248.7595331804671,1.7820578818453356,183976.44627089248,257730.76999452978,4.47
-0.006310256517210403,0.006682720340535308,0.0037854117839999993,1229.4658892202108,130204.26783879336,248.75570223583077,1.7653879476947572,183976.85771206857,257730.76999453074,4.48
-0.006182609891637903,0.006620894241618929,0.0037854117839999993,1218.093986212349,128998.9603763682,248.75194857241019,1.7490552202547194,183977.26073849847,257730.76999453176,4.49
-0.00605472369624757,0.006560347004656453,0.0037854117839999993,1206.957260134826,127818.59739849172,248.74827234870094,1.733060332401727,183977.6553402042,257730.76999453278,4.5
-0.005926599949159449,0.006501081005164859,0.0037854117839999993,1196.056151010129,126663.22440122707,248.74467372173692,1.7174039116809756,183978.04150723678,257730.76999453368,4.51
-0.005798240650947896,0.00644309859865538,0.0037854117839999993,1185.3910951215453,125532.88650633277,248.74115284709868,1.702086580352702,183978.41922967412,257730.76999453458,4.5200000000000005
-0.005669647774635665,0.0063864021209090235,0.0037854117839999993,1174.962525063463,124427.62846673396,248.7377098789283,1.687108955464969,183978.78849761846,257730.76999453554,4.53
-0.005540823254550842,0.006330993888363515,0.0037854117839999993,1164.7708698121696,123347.49467416394,248.73434496995026,1.6724716489558844,183979.1493011927,257730.76999453633,4.54
-0.005411768973896096,0.006276876198624554,0.0037854117839999993,1154.8165548195223,122292.52916922874,248.7310582715013,1.6581752677886616,183979.50163053654,257730.76999453726,4.55
-0.0052824867508530875,0.006224051331116023,0.0037854117839999993,1145.1000021321825,121262.77565417843,248.7278499335676,1.6442204141233856,183979.84547580147,257730.76999453825,4.5600000000000005
-0.005152978323012246,0.006172521547885901,0.0037854117839999993,1135.621630539491,120258.27750871226,248.724720104831,1.6306076855299139,183980.180827144,257730.76999453912,4.57
-0.005023245329878542,0.006122289094587115,0.0037854117839999993,1126.3818557535358,119279.07780919295,248.72166893272802,1.6173376752469888,183980.5076747194,257730.76999454014,4.58
-0.004893289293155547,0.00607335620165556,0.0037854117839999993,1117.3810906254837,118325.21935170234,248.71869656351822,1.6044109724934381,183980.8260086725,257730.76999454093,4.59
-0.004763111594450023,0.00602572508571106,0.0037854117839999993,1108.6197454029352,117396.74467944162,248.7158031423685,1.5918281628382707,183981.13581912834,257730.76999454194,4.6000000000000005
-0.004632713449966037,0.0059793979512114,0.0037854117839999993,1100.0982280338292,116493.69611506221,248.71298881345106,1.5795898286376235,183981.43709618025,257730.76999454282,4.61
-0.004502095881665378,0.005934376992394746,0.0037854117839999993,1091.816944523405,115616.11579861677,248.71025372005965,1.5676965495478965,183981.72982987645,257730.7699945438,4.62
-0.004371259684256801,0.005890664395552178,0.0037854117839999993,1083.7762993518954,114764.04573194272,248.70759800474593,1.5561489031260909,183982.0140102048,257730.76999454462,4.63
-0.004240205387232292,0.005848262341679855,0.0037854117839999993,1075.9766959620574,113937.52783044396,248.7050218094795,1.5449474655304387,183982.28962707473,257730.76999454555,4.64
-0.004108933210985718,0.005807173009569998,0.0037854117839999993,1068.4185373274267,113136.60398342309,248.70252527583273,1.5340928123369522,183982.5566702962,257730.76999454643,4.65
-0.003977443015816626,0.005767398579411832,0.0037854117839999993,1061.1022266143914,112361.3161243526,248.70010854519904,1.5235855194906935,183982.81512955608,257730.76999454745,4.66
-0.0038457342423226853,0.005728941236988605,0.0037854117839999993,1054.0281679539132,111611.70631276163,248.69777175904574,1.5134261644145097,183983.06499438957,257730.76999454823,4.67
-0.0037138058412965395,0.00569180317857564,0.0037854117839999993,1047.1967673422157,110887.81682978485,248.69551505921027,1.5036153273029598,183983.30625414813,257730.76999454913,4.68
-0.0035816561907364222,0.0056559866166682755,0.0037854117839999993,1040.6084336941392,110189.69028988488,248.69333858824666,1.4941535926354788,183983.53889796184,257730.76999455,4.69
-0.0034492829969124754,0.005621493786699151,0.0037854117839999993,1034.2635800784844,109517.36977185539,248.69124248983218,1.4850415509508945,183983.76291469444,257730.76999455094,4.7
-0.003316683175540591,0.005588326954943745,0.0037854117839999993,1028.1626251719536,108870.89897298274,248.6892269092466,1.4762798009358513,183983.97829289205,257730.76999455193,4.71
-0.0031838527079177297,0.005556488427864568,0.0037854117839999993,1022.305994977733,108250.32239124544,248.68729199393832,1.4678689518932846,183984.18502072158,257730.76999455283,4.72
-0.00305078646524086,0.005525980563212159,0.0037854117839999993,1016.6941248672521,107655.68554175303,248.68543789419778,1.4598096266749931,183984.38308589798,257730.7699945537,4.73
-0.0029174779920786162,0.005496805783291373,0.0037854117839999993,1011.3274620202579,107087.03521538561,248.6836647639624,1.452102465186222,183984.57247559802,257730.76999455458,4.74
-0.002783919236813539,0.005468966590923238,0.0037854117839999993,1006.2064683607473,106544.41978996943,248.68197276178577,1.4447481286023383,183984.75317635568,257730.76999455548,4.75
-0.002650100212395894,0.005442465588799279,0.0037854117839999993,1001.3316241169583,106027.88960757144,248.68036205201233,1.4377473044817044,183984.92517393627,257730.76999455638,4.76
-0.0025160085642842284,0.0054173055031564365,0.0037854117839999993,996.7034321761472,105537.4974360014,248.67883280621504,1.431100713019928,183985.0884531821,257730.7699945573,4.7700000000000005
-0.002381629012936885,0.005393489213027068,0.0037854117839999993,992.3224234649188,105073.29903897354,248.6773852049727,1.4248091147768955,183985.24299782235,257730.76999455807,4.78
-0.002246942623944602,0.0053710197867876215,0.0037854117839999993,988.1891636721688,104635.3538885196,248.67601944009007,1.418873320331911,183985.3887902356,257730.76999455897,4.79
-0.002111925836980339,0.0053499005284178185,0.0037854117839999993,984.3042617582955,104223.72606666098,248.67473571740868,1.413294202504078,183985.52581114887,257730.76999455967,4.8
-0.001976549150243086,0.005330135036915388,0.0037854117839999993,980.6683808844109,103838.48542348517,248.67353426041737,1.4080727120480134,183985.6540392521,257730.7699945605,4.8100000000000005
-0.0018407753011913642,0.005311727283903474,0.0037854117839999993,977.2822526881359,103479.70908980032,248.67241531496884,1.4032098981555543,183985.77345069422,257730.7699945614,4.82
-0.0017045566908628317,0.005294681716994846,0.0037854117839999993,974.1466962974208,103147.48349179531,248.67137915556233,1.398706935761694,183985.8840184121,257730.76999456232,4.83
-0.0015678316367040202,0.005279003400627806,0.0037854117839999993,971.2626442373727,102841.90709602999,248.67042609390325,1.3945651627494926,183985.98571121684,257730.76999456328,4.84
-0.0014305187443776025,0.00526469821318403,0.0037854117839999993,968.63117869028,102563.09425137089,248.6695564908854,1.3907861320231023,183986.0784925149,257730.7699945642,4.8500000000000005
-0.0012925081270890413,0.00525177313191314,0.0037854117839999993,966.2535839078969,102311.18074229592,248.66877077391075,1.3873716867768753,183986.1623184598,257730.76999456508,4.86
-0.001153647061067668,0.005240236661302463,0.0037854117839999993,964.1314250108265,102086.33213796919,248.6680694629295,1.3843240736586833,183986.23713517384,257730.76999456598,4.87
-0.001013715174113111,0.005230099509561332,0.0037854117839999993,962.2666724291956,101888.75697710573,248.66745321156338,1.3816461214781628,183986.30287436052,257730.76999456683,4.88
-0.0008723782819561149,0.00522137572674177,0.0037854117839999993,960.6619112625342,101718.72895019331,248.66692287629368,1.3793415418663924,183986.35944592403,257730.76999456773,4.89
-0.0007290937614239154,0.0052140847891275315,0.0037854117839999993,959.320724708196,101576.62752460179,248.66647964317423,1.3774154799132237,183986.4067244519,257730.76999456866,4.9
-0.0005828883349690648,0.005208255905777841,0.0037854117839999993,958.2484862610725,101463.02187973801,248.66612528963677,1.3758756518357798,183986.44452128938,257730.76999456948,4.91
-0.00043171537408665146,0.005203938752036974,0.0037854117839999993,957.4543341710765,101378.88010441921,248.6658628370104,1.3747351804717094,183986.47251493897,257730.76999457032,4.92
-0.00026974322103332193,0.005201241319826641,0.0037854117839999993,956.9581341071516,101326.306902875,248.66569885155533,1.3740225942686088,183986.49000562952,257730.7699945711,4.93
-4.201128501225102e-05,0.005200821206976519,0.0037854117839999993,956.8808531859086,101318.11886710308,248.66567331152802,1.3739116121947699,183986.49272971033,257730.769994572,4.94
