isothermal_mdot [kg/s],isothermal_tank.mass [kg],isothermal_tank.volume [m^3],isothermal_tank.inenergy [J],isothermal_tank.pressure [Pa],isothermal_tank.temperature [degK],isothermal_tank.density [kg/m^3],isothermal_tank.sp_inenergy [J/kg],isothermal_tank.sp_enthalpy [J/kg],time [s]
-1.5871493244475856,1.0804750995372943,0.0037854117839999993,176358.95438128713,27055848.08065719,288.15000027151376,285.43132456664176,163223.52496305708,258012.86920131382,0.0
-1.556234728730906,1.0649127522499853,0.0037854117839999993,174567.11723546352,26549551.88567389,288.15000027151376,281.3201873442431,163926.21542622338,258301.07041399632,0.01
-1.5262631885105105,1.0496501203648803,0.0037854117839999993,172788.92025747118,26059264.9148954,288.15000027151376,277.28822655476796,164615.72947508085,258594.71025889265,0.02
-1.4971912959976497,1.0346782074049037,0.0037854117839999993,171024.5036189877,25584172.270382892,288.1500002715137,273.3330655804034,165292.4574954928,258893.17944301595,0.03
-1.4689783014040927,1.0199884243908628,0.0037854117839999993,169273.9871499883,25123514.732844893,288.15000027151376,269.4524354528884,165956.77274580713,259195.9178687322,0.04
-1.441585912370719,1.0055725652671557,0.0037854117839999993,167537.47201486776,24676584.13255613,288.1500002715137,265.6441683616727,166609.03230823248,259502.4102612227,0.05
-1.414978111300796,0.9914227841541478,0.0037854117839999993,165815.04224937662,24242719.169991422,288.15000027151365,261.90619164463084,167249.5779798374,259812.18223810298,0.06
-1.389120988779041,0.9775315742663574,0.0037854117839999993,164106.7661701717,23821301.63635815,288.15000027151365,258.2365222188355,167878.73710712075,260124.7967724203,0.07
-1.3639825914578476,0.9638917483517789,0.0037854117839999993,162412.69766779698,23411752.990362696,288.15000027151365,254.63326141317341,168496.82336789064,260439.85100077436,0.08
-1.3395327829713597,0.9504964205220653,0.0037854117839999993,160732.87739300795,23013531.252871506,288.1500002715137,251.09459016838773,169104.13750398403,260756.97334341131,0.09
-1.3157431165930749,0.9373389893561346,0.0037854117839999993,159067.33384551317,22626128.185743406,288.1500002715137,247.61876457352275,169700.96800814586,261075.8208982841,0.1
-1.2925867184946225,0.9244131221711883,0.0037854117839999993,157416.08437343765,22249066.7251193,288.15000027151376,244.20411171076665,170287.59176818177,261396.0770809552,0.11
-1.2700381805854282,0.911712740365334,0.0037854117839999993,155779.13609110255,21881898.642940126,288.15000027151376,240.84902578338205,170864.27467129615,261717.44948388837,0.12
-1.2480734620229137,0.8992320057451049,0.0037854117839999993,154156.48672206365,21524202.413500763,288.15000027151376,237.5519645038187,171431.272171334,262039.66793206343,0.13
-1.2266697985797468,0.8869653077593074,0.0037854117839999993,152548.12537375456,21175581.26449571,288.15000027151376,234.31144572125302,171988.82982146018,262362.4827145719,0.14
-1.2058056191405508,0.8749072515679018,0.0037854117839999993,150954.03324952957,20835661.394327533,288.1500002715138,231.12604426971953,172537.18377463234,262685.66297420167,0.15
-1.1854604686765633,0.8630526468811363,0.0037854117839999993,149374.1843033998,20504090.339474652,288.15000027151376,227.99438901972215,173076.56125405792,263008.9952390935,0.16
-1.1656149371142357,0.8513964975099939,0.0037854117839999993,147808.54584229746,20180535.477492012,288.1500002715138,224.91516011775434,173607.18099567053,263332.2820823491,0.17
-1.1462505935735616,0.8399339915742583,0.0037854117839999993,146257.0790802807,19864682.652778458,288.1500002715138,221.8870863995436,174129.2536645127,263655.3408970472,0.18
-1.1273499255050492,0.8286604923192078,0.0037854117839999993,144719.73964870838,19556234.913618132,288.1500002715138,218.90894296407885,174642.98224677637,263978.0027755044,0.19
-1.1088962823014161,0.8175715294961936,0.0037854117839999993,143196.47806606354,19254911.350212872,288.1500002715137,215.9795488966,175148.56241912497,264300.11148283357,0.2
-1.090873823001992,0.8066627912661737,0.0037854117839999993,141687.2401707843,18960446.024491854,288.15000027151365,213.0977651297378,175646.1828968034,264621.5225159139,0.21
-1.0732674677451421,0.7959301165887223,0.0037854117839999993,140191.96752016782,18672586.983429283,288.15000027151365,210.26249243290314,176136.02576193085,264942.10223982617,0.22
-1.0560628526572429,0.7853694880621498,0.0037854117839999993,138710.5977581485,18391095.34843863,288.15000027151365,207.4726695208465,176618.26677327158,265261.72709463566,0.23
-1.0392462878963844,0.7749770251831859,0.0037854117839999993,137243.0649545084,18115744.474154696,288.15000027151365,204.72727127305473,177093.07565868477,265580.2828661351,0.24
-1.0228047185954408,0.7647489779972315,0.0037854117839999993,135789.29991785568,17846319.170575164,288.15000027151365,202.02530705632518,177560.6163913661,265897.66401480837,0.25
-1.0067256884728077,0.7546817211125034,0.0037854117839999993,134349.23048450807,17582614.983121432,288.15000027151365,199.36581914346985,178021.04745091617,266213.77305784903,0.26
-0.990997305900298,0.7447717480535004,0.0037854117839999993,132922.7817852315,17324437.52570245,288.15000027151365,196.74788122165907,178474.52207019407,266528.5199995771,0.27
-0.9756082122366835,0.7350156659311337,0.0037854117839999993,131509.87649162026,17071601.862333488,288.15000027151365,194.1705969844188,178921.1884688481,266841.8218060541,0.28
-0.96054755225242,0.7254101904086094,0.0037854117839999993,130110.43504375064,16823931.933280356,288.15000027151365,191.63309880175763,179361.19007435223,267153.60192009783,0.29
-0.9458049464864385,0.715952140943745,0.0037854117839999993,128724.37586060236,16581260.02207456,288.15000027151365,189.1345464633195,179794.66573131835,267463.7898132602,0.3
-0.9313704653896862,0.7066384362898481,0.0037854117839999993,127351.61553461486,16343426.260080747,288.15000027151365,186.6741259898419,180221.74989980014,267772.32057165686,0.31
-0.9172346051225511,0.6974660902386226,0.0037854117839999993,125992.06901163171,16110278.165600086,288.15000027151365,184.25104850855053,180642.57284325652,268079.1345128226,0.32
-0.903388264884562,0.688432207589777,0.0037854117839999993,124645.64975737986,15881670.214764358,288.15000027151365,181.86454918844228,181057.26080679495,268384.17683102936,0.33
-0.8898227256648988,0.679533980333128,0.0037854117839999993,123312.2699115361,15657463.441720206,288.15000027151365,179.5138862317041,181465.9361862739,268687.3972687366,0.34
-0.8765296303114781,0.6707686840300132,0.0037854117839999993,121991.84043034498,15437525.065822978,288.15000027151365,177.198339917783,181868.7176888039,268988.74981204915,0.35000000000000003
-0.8635009648247112,0.6621336743817661,0.0037854117839999993,120684.2712186733,15221728.14375876,288.15000027151365,174.91721169687312,182265.7204851515,269288.1924082554,0.36
-0.8507290407896094,0.65362638397387,0.0037854117839999993,119389.47125231293,15009951.24469258,288.15000027151365,172.66982332981243,182657.05635451485,269585.68670393014,0.37
-0.83820647886675,0.6452443191852024,0.0037854117839999993,118107.3486912786,14802078.146703409,288.1500002715137,170.45551607159115,183042.8338221117,269881.19780048233,0.38
-0.8259261932693173,0.6369850572525092,0.0037854117839999993,116837.81098478498,14597997.552913615,288.1500002715137,168.27364989586806,183423.15828998946,270174.6940294743,0.39
-0.8138813771578015,0.6288462434809312,0.0037854117839999993,115580.76496853399,14397602.825854113,288.15000027151365,166.12360275806955,183798.13216144114,270466.146741296,0.4
-0.8020654888914233,0.620825588592017,0.0037854117839999993,114336.1169548907,14200791.738727285,288.15000027151365,164.00476989480865,184167.8549593871,270755.5301097792,0.41000000000000003
-0.790472239077818,0.6129208662012388,0.0037854117839999993,113103.77281648148,14007466.242339741,288.1500002715137,161.91656315751536,184532.42343905845,271042.82095009764,0.42
-0.779095578368258,0.6051299104175561,0.0037854117839999993,111883.63806370432,13817532.246577106,288.1500002715137,159.85841037830832,184891.93169529756,271327.9985491766,0.43
-0.7679296859491976,0.5974506135580642,0.0037854117839999993,110675.61791660378,13630899.415383799,288.1500002715137,157.82975476626885,185246.47126477107,271611.0445076685,0.44
-0.756968958684656,0.5898809239712176,0.0037854117839999993,109479.61737152634,13447480.974293703,288.1500002715137,155.83005433239748,185596.13122337253,271891.9425926247,0.45
-0.7462080008672846,0.5824188439625447,0.0037854117839999993,108295.54126294045,13267193.529633356,288.15000027151365,153.85878134164568,185940.9982790751,272170.67860006745,0.46
-0.735641614539059,0.5750624278171541,0.0037854117839999993,107123.29432077425,13089956.898587834,288.1500002715136,151.9154217905172,186281.1568604774,272447.24022672983,0.47000000000000003
-0.7252647903453286,0.5678097799137009,0.0037854117839999993,105962.78122359855,12915693.949383002,288.15000027151353,149.99947490883093,186616.68920127337,272721.61695029016,0.48
-0.7150726988885853,0.560659052924815,0.0037854117839999993,104813.90664795539,12744330.450894864,288.1500002715135,148.11045268432414,186947.67542086056,272993.79991748184,0.49
-0.7050606825506698,0.5536084460993083,0.0037854117839999993,103676.57531411128,12575794.931049775,288.1500002715135,146.2478794088597,187274.1936012902,273263.78183950746,0.5
-0.6952242477543663,0.5466562036217646,0.0037854117839999993,102550.69202849155,12410018.543427255,288.1500002715134,144.41129124507546,187596.3198607495,273531.5568942324,0.51
-0.6855590576373283,0.5398006130453913,0.0037854117839999993,101436.1617230339,12246934.941521509,288.15000027151336,142.60023581238775,187914.12842375605,273797.1206346736,0.52
-0.6760609251131849,0.5330400037942594,0.0037854117839999993,100332.88949168044,12086480.160158053,288.1500002715133,140.81427179132476,188227.69168823306,274060.4699033361,0.53
-0.6667258062963808,0.5263727457312957,0.0037854117839999993,99240.78062421174,11928592.503599225,288.1500002715133,139.05296854523021,188537.08028962516,274321.60275198676,0.54
-0.6575497942688991,0.5197972477886067,0.0037854117839999993,98159.7406376102,11773212.439906353,288.1500002715133,137.31590575843327,188842.36316220398,274580.518366483,0.55
-0.6485291131685099,0.5133119566569216,0.0037854117839999993,97089.67530512785,11620282.501157874,288.1500002715133,135.60267309003595,189143.60759770675,274837.21699630574,0.56
-0.6396601125795313,0.5069153555311263,0.0037854117839999993,96030.49068321858,11469747.189151332,288.15000027151325,133.91286984251815,189440.87930143988,275091.6998884722,0.5700000000000001
-0.6309392622083652,0.5006059629090427,0.0037854117839999993,94982.09313648476,11321552.886244018,288.15000027151325,132.24610464440894,189734.24244597438,275343.9692255278,0.58
-0.622363146827231,0.4943823314407704,0.0037854117839999993,93944.38936077619,11175647.771011196,288.15000027151314,130.6019951463147,190023.75972255235,275594.02806733793,0.59
-0.6139284614706185,0.4882430468260642,0.0037854117839999993,92917.28640456969,11031981.738423683,288.1500002715131,128.98016772963695,190309.49239031627,275841.8802964253,0.6
-0.6056320068699739,0.48218672675736446,0.0037854117839999993,91900.6916887483,10890506.324266983,288.1500002715131,127.38025722735071,190591.50032346818,276087.5305666114,0.61
-0.597470685113071,0.47621201990623374,0.0037854117839999993,90894.51302488985,10751174.633543814,288.15000027151297,125.80190665624922,190869.84205645838,276330.9842547435,0.62
-0.5894414955153872,0.4703176049510799,0.0037854117839999993,89898.65863216798,10613941.27261911,288.1500002715129,124.24476696009566,191144.5748272995,276572.24741530215,0.63
-0.5815415306916167,0.46450218964416373,0.0037854117839999993,88913.03715295965,10478762.284883294,288.15000027151285,122.70849676315262,191415.75461909515,276811.3267376993,0.64
-0.5737679728161797,0.45876450991600193,0.0037854117839999993,87937.55766724782,10345595.08972461,288.1500002715129,121.19276213359038,191683.43619986833,277048.22950608964,0.65
-0.5661180900623107,0.4531033290153788,0.0037854117839999993,86972.12970590097,10214398.42461525,288.15000027151285,119.69723635630203,191947.67316077044,277282.96356153535,0.66
-0.5585892332099347,0.4475174366832795,0.0037854117839999993,86016.66326290532,10085132.290129168,288.15000027151285,118.2215997146797,192208.51795274674,277515.53726636793,0.67
-0.5511788324131577,0.4420056483591479,0.0037854117839999993,85071.06880662059,9957757.897721253,288.15000027151285,116.76553928093018,192466.02192173077,277745.9594706096,0.68
-0.5438843941187532,0.43656680441796036,0.0037854117839999993,84135.25729012466,9832237.620108804,288.1500002715129,115.32874871453099,192720.23534243627,277974.2394803227,0.6900000000000001
-0.5367034981275454,0.4311997694366849,0.0037854117839999993,83209.14016070848,9708534.944106514,288.1500002715129,113.91092806844948,192971.2074508112,278200.3870277625,0.7000000000000001
-0.5296337947910955,0.42590343148877396,0.0037854117839999993,82292.62936857724,9586614.425775833,288.1500002715129,112.5117836027675,193218.98647521538,278424.4122432241,0.71
-0.5226730023365345,0.42067670146540864,0.0037854117839999993,81385.6373748115,9466441.647758316,288.15000027151285,111.13102760537312,193463.61966638095,278646.3256284749,0.72
-0.5158189043128187,0.41551851242228044,0.0037854117839999993,80488.0771586365,9347983.178670961,288.1500002715128,109.76837821939863,193705.15332620993,278866.1380316758,0.73
-0.5090693471520876,0.4104278189507596,0.0037854117839999993,79599.86222404569,9231206.534449168,288.15000027151274,108.42355927710074,193943.63283546225,279083.86062369886,0.74
-0.5024222378401655,0.4054035965723579,0.0037854117839999993,78720.90660582086,9116080.14153008,288.1500002715127,107.09630013989464,194179.10268038398,279299.50487575674,0.75
-0.49587554169059683,0.4004448411554519,0.0037854117839999993,77851.12487498831,9002573.301775776,288.1500002715126,105.7863355442685,194411.60647832305,279513.08253826393,0.76
-0.4894272802169384,0.39555056835328256,0.0037854117839999993,76990.43214374817,8890656.159041867,288.1500002715126,104.49340545331874,194641.187002378,279724.60562085616,0.77
-0.48307552909832563,0.3907198130622993,0.0037854117839999993,76138.7440699106,8780299.6673029,288.15000027151274,103.21725491365972,194867.8862051218,279934.08637349814,0.78
-0.47681841623361493,0.38595162889996315,0.0037854117839999993,75295.97686087129,8671475.560251337,288.1500002715128,101.95763391747376,195091.7452414423,280141.5372686147,0.79
-0.47065411987967937,0.38124508770116633,0.0037854117839999993,74462.04727715575,8564156.322291842,288.1500002715128,100.71429726947942,195312.8044905376,280346.9709841873,0.8
-0.4645808668696741,0.3765992790324696,0.0037854117839999993,73636.87263556012,8458315.160857324,288.1500002715128,99.48700445860652,195531.103577103,280550.4003877551,0.81
-0.45859693090732667,0.3720133097233963,0.0037854117839999993,72820.37081191437,8353925.979977528,288.15000027151274,98.27551953417715,195746.68139174543,280751.83852127386,0.8200000000000001
-0.45270063093352736,0.367486303414061,0.0037854117839999993,72012.46024349175,8250963.355035062,288.1500002715128,97.07961098640176,195959.5761106572,280951.2985867772,0.8300000000000001
-0.44689032956169766,0.363017400118444,0.0037854117839999993,71213.05993108723,8149402.508647514,288.1500002715129,95.89905163100852,196169.82521458226,281148.79393279826,0.84
-0.4411644315786077,0.35860575580265797,0.0037854117839999993,70422.0894407856,8049219.287617942,288.15000027151285,94.73361849783316,196377.46550710447,281344.33804150735,0.85
-0.435521382507503,0.35425054197758293,0.0037854117839999993,69639.46890543881,7950390.140899306,288.1500002715128,93.58309272320452,196582.53313228698,281537.9445165254,0.86
-0.4299596672305553,0.34995094530527737,0.0037854117839999993,68865.11902587097,7852892.098521501,288.1500002715128,92.44725944596928,196785.0635916898,281729.6270713749,0.87
-0.4244778086678296,0.3457061672185991,0.0037854117839999993,68098.96107182735,7756702.751432621,288.15000027151285,91.32590770700659,196985.09176079172,281919.3995185317,0.88
-0.4190743665100978,0.3415154235534981,0.0037854117839999993,67340.91688268412,7661800.2322088145,288.1500002715128,90.21883035208995,197182.65190484206,282107.2757590491,0.89
-0.41374793600297477,0.3373779441934684,0.0037854117839999993,66590.90886793283,7568163.196589641,288.1500002715128,89.12582393796143,197377.77769416504,282293.2697727161,0.9
-0.40849714677999016,0.3332929727256685,0.0037854117839999993,65848.86000745393,7475770.805798164,288.1500002715128,88.04668864148825,197570.5022189404,282477.3956087266,0.91
-0.40332066174232495,0.32925976610824526,0.0037854117839999993,65114.69385159211,7384602.709607444,288.1500002715128,86.98122817177908,197760.85800348115,282659.6673768291,0.92
-0.39821717598306955,0.3252775943484146,0.0037854117839999993,64388.334521045195,7294639.030117041,288.15000027151274,85.92924968514195,197948.877020029,282840.0992389309,0.93
-0.3931854157539651,0.3213457401908749,0.0037854117839999993,63669.7067065785,7205860.346205189,288.15000027151274,84.89056370277179,198134.59070208797,283018.70540113427,0.9400000000000001
-0.3882241374726973,0.31746349881614794,0.0037854117839999993,62958.735668574576,7118247.678624181,288.1500002715128,83.86498403106043,198318.0299573141,283195.50010618096,0.9500000000000001
-0.3833321267689088,0.31363017754845884,0.0037854117839999993,62255.3472364283,7031782.475708241,288.1500002715128,82.85232768442687,198499.2251799789,283370.49762628187,0.96
-0.37850819756719245,0.30984509557278694,0.0037854117839999993,61559.46780779692,6946446.599664781,288.15000027151274,81.85241481056978,198678.2062630252,283543.7122563152,0.97
-0.37375119120541117,0.3061075836607328,0.0037854117839999993,60871.02434771305,6862222.313421554,288.1500002715128,80.86506861804942,198855.00260972962,283715.15830737207,0.98
-0.3690599755867791,0.30241698390486504,0.0037854117839999993,60189.94438756921,6779092.268003543,288.15000027151274,79.89011530610935,199029.64314498912,283884.85010063084,0.99
-0.3644334443642073,0.29877264946122295,0.0037854117839999993,59516.156023980955,6697039.490415021,288.1500002715128,78.92738399665292,199202.15632624508,284052.80196154525,1.0
-0.35987051615550614,0.29517394429966787,0.0037854117839999993,58849.58791753624,6616047.372003215,288.1500002715129,77.97670666829306,199372.57015406038,284219.02821432974,1.01
-0.3553701337880885,0.29162024296178696,0.0037854117839999993,58190.16929143692,6536099.6572814835,288.15000027151285,77.03791809239716,199540.91218236173,284383.54317672626,1.02
-0.3509312635719001,0.28811093032606794,0.0037854117839999993,57537.82993003926,6457180.433190937,288.15000027151285,76.11085577105288,199707.20952836168,284546.3611550399,1.03
-0.3465528945993544,0.2846454013800744,0.0037854117839999993,56892.5001772989,6379274.118780494,288.15000027151285,75.19535987688319,199871.48888217192,284707.49643942947,1.04
-0.3422340380711139,0.28122306099936323,0.0037854117839999993,56254.11093512571,6302365.455286445,288.15000027151285,74.29127319464256,200033.77651611966,284866.9632994393,1.05
-0.3379737266466169,0.27784332373289705,0.0037854117839999993,55622.593661653795,6226439.4965935545,288.15000027151285,73.39844106452887,200194.0982937788,285024.77597976197,1.06
-0.3337710138182933,0.2745056135947141,0.0037854117839999993,54997.88036943138,6151481.60006058,288.1500002715128,72.51671132714849,200352.47967872678,285180.9486962204,1.07
-0.3296249733084766,0.2712093638616293,0.0037854117839999993,54379.90362353518,6077477.417694001,288.1500002715128,71.64593427007448,200508.94574303762,285335.4956319583,1.08
-0.32553469848805167,0.2679540168767488,0.0037854117839999993,53768.59653961322,6004412.887654537,288.15000027151274,70.78596257594069,200663.52117552035,285488.43093382905,1.09
-0.3214993018159366,0.26473902385858944,0.0037854117839999993,53163.892781860464,5932274.226081799,288.15000027151285,69.9366512720164,200816.23028971354,285639.7687089739,1.1
-0.31751791429852616,0.2615638447156042,0.0037854117839999993,52565.72656093075,5861047.919223125,288.15000027151285,69.0978576812092,200967.09703164423,285789.52302158,1.11
-0.31358968496827916,0.2584279478659214,0.0037854117839999993,51974.032631788534,5790720.715853403,288.15000027151285,68.26944137444505,201116.1449873599,285937.70788981,1.12
-0.30971378038065694,0.25533081006211483,0.0037854117839999993,51388.74629150407,5721279.619973197,288.1500002715129,67.45126412437746,201263.397390243,286084.337282896,1.1300000000000001
-0.3058893841286636,0.2522719162208282,0.0037854117839999993,50809.80337699478,5652711.88377325,288.15000027151285,66.64318986037907,201408.87712811452,286229.42511838814,1.1400000000000001
-0.3021156963742734,0.24925075925708545,0.0037854117839999993,50237.140262715984,5585005.000853927,288.1500002715128,65.84508462477103,201552.60675013528,286372.9852595536,1.1500000000000001
-0.2983919333960602,0.24626683992312484,0.0037854117839999993,49670.69385830375,5518146.699688713,288.15000027151274,65.0568165302475,201694.6084735121,286515.03151291516,1.16
-0.2947173271523782,0.24331966665160107,0.0037854117839999993,49110.40160617253,5452124.937321439,288.15000027151274,64.27825571845399,201834.90419001598,286655.5776259279,1.17
-0.2910911248594659,0.2404087554030064,0.0037854117839999993,48556.20147906997,5386927.893287367,288.1500002715127,63.509274319680316,201973.51547231857,286794.6372847834,1.18
-0.2875125885838856,0.23753362951716755,0.0037854117839999993,48008.03197759124,5322543.963748747,288.1500002715127,62.74974641363023,202110.46358015382,286932.2241123361,1.19
-0.28398099484872463,0.2346938195686803,0.0037854117839999993,47465.8321276555,5258961.755835885,288.1500002715126,61.99954799123126,202245.76946631185,287068.351666152,1.2
-0.28049563425301477,0.23188886322615015,0.0037854117839999993,46929.54147794585,5196170.082185204,288.15000027151257,61.258556917450065,202379.45378246866,287203.0334366636,1.21
-0.277055811103856,0.2291183051151116,0.0037854117839999993,46399.1000973156,5134157.95566613,288.1500002715125,60.5266528950795,202511.53688486028,287336.28284543805,1.22
-0.2736608430607423,0.2263816966845042,0.0037854117839999993,45874.44857216214,5072914.584289083,288.15000027151257,59.80371742946533,202642.0388398045,287468.1132435441,1.23
-0.2703100607916171,0.22367859607658802,0.0037854117839999993,45355.52800377067,5012429.366287125,288.1500002715126,59.089633794141555,202770.97942907707,287598.53791001905,1.24
-0.26700280764020734,0.22100856800018595,0.0037854117839999993,44842.28000562911,4952691.885364243,288.1500002715126,58.38428699734454,202898.37815514638,287727.57005042955,1.25
-0.26373843930419605,0.218371183607144,0.0037854117839999993,44334.64670071611,4893691.906103497,288.15000027151257,57.6875637493773,203024.25424627183,287855.2227955202,1.26
-0.2605163235238245,0.21576602037190576,0.0037854117839999993,43832.57071876362,4835419.369528599,288.1500002715125,56.999352430796414,203148.62666147097,287981.5091999515,1.27
-0.2573358397805219,0.21319266197410053,0.0037854117839999993,43335.99519349551,4777864.388812777,288.1500002715125,56.31954306139513,203271.51409535913,288106.4422411158,1.28
-0.2541963790051829,0.2106506981840487,0.0037854117839999993,42844.86375984362,4721017.245129065,288.15000027151257,55.64802726995704,203392.93498286634,288230.0348180345,1.29
-0.2510973432957311,0.20813972475109138,0.0037854117839999993,42359.12055114263,4664868.383636395,288.15000027151257,54.98469826475592,203512.90750383545,288352.29975032987,1.3
-0.24803814564361562,0.20565934329465524,0.0037854117839999993,41878.71019630505,4609408.409596148,288.15000027151257,54.32945080477809,203631.4495875054,288473.2497772667,1.31
-0.2450182096689115,0.20320916119796611,0.0037854117839999993,41403.577816977595,4554628.084614019,288.1500002715127,53.68218117164454,203748.57891688397,288592.8975568658,1.32
-0.2420369693636975,0.20078879150432913,0.0037854117839999993,40933.669024680006,4500518.323002324,288.1500002715126,53.04278714221099,203864.31293301276,288711.2556650813,1.33
-0.23909386884341186,0.198397852815895,0.0037854117839999993,40468.92991792758,4447070.188258075,288.1500002715126,52.411167961824844,203978.66883912837,288828.3365950409,1.34
-0.2361883621058855,0.19603596919483615,0.0037854117839999993,40009.307079338505,4394274.8896523025,288.1500002715127,51.787224318218634,204091.66360472384,288944.15275634715,1.35
-0.23331991279777556,0.1937027700668584,0.0037854117839999993,39554.7475727269,4342123.778926395,288.1500002715127,51.170858316020514,204203.3139695121,289058.71647443605,1.36
-0.23048799398812686,0.19139789012697714,0.0037854117839999993,39105.19894018269,4290608.347091326,288.1500002715126,50.561973451862954,204313.63644729587,289172.039989991,1.37
-0.2276920879488014,0.1891209692474891,0.0037854117839999993,38660.60919913929,4239720.221325875,288.1500002715126,49.96047459007148,204422.64732974645,289284.13545840944,1.3800000000000001
-0.22493168594153137,0.1868716523880738,0.0037854117839999993,38220.926839430016,4189451.161970069,288.1500002715126,49.36626793891595,204530.3626900946,289395.0149493202,1.3900000000000001
-0.2222062880113527,0.18464958950796026,0.0037854117839999993,37786.10082033392,4139793.0596102527,288.1500002715126,48.7792610274075,204636.79838673543,289504.69044614915,1.4000000000000001
-0.2195154027861925,0.18245443548009835,0.0037854117839999993,37356.08056761234,4090737.932252378,288.1500002715126,48.199362682624965,204741.97006675153,289613.1738457322,1.41
-0.21685854728239262,0.18028585000727443,0.0037854117839999993,36930.81597053654,4042277.9225801886,288.1500002715126,47.626483007555,204845.89316935523,289720.4769579711,1.42
-0.2142352467159557,0.17814349754011488,0.0037854117839999993,36510.25737890754,3994405.295295165,288.1500002715127,47.06053335943092,204948.58292925372,289826.61150553345,1.43
-0.2116450343193132,0.17602704719692175,0.0037854117839999993,36094.355600068826,3947112.434535194,288.1500002715127,46.50142632855548,205050.0543799386,289931.5891235921,1.44
-0.20908745116342156,0.17393617268528752,0.0037854117839999993,35683.06189591267,3900391.8413690967,288.15000027151274,45.94907571759373,205150.32235690297,290035.42135960475,1.45
-0.20656204598499942,0.17187055222543754,0.0037854117839999993,35276.32797988088,3854236.131364194,288.1500002715127,45.40339652132218,205249.4015007874,290138.1196731299,1.46
-0.20406837501872668,0.16982986847525028,0.0037854117839999993,34874.1060139604,3808638.032224305,288.1500002715127,44.86430490682128,205347.3062604573,290239.6954356796,1.47
-0.20160600183423358,0.16781380845690794,0.0037854117839999993,34476.348605674975,3763590.3814955885,288.15000027151274,44.331718194098585,205444.0508960142,290340.159930605,1.48
-0.19917449717771674,0.16582206348513076,0.0037854117839999993,34083.00880507294,3719086.1243377873,288.1500002715127,43.80555483713018,205539.64948174197,290439.52435301646,1.49
-0.1967734388180178,0.16385432909695058,0.0037854117839999993,33694.04010171221,3675118.311358579,288.1500002715126,43.285734405308915,205634.11590899053,290537.7998097333,1.5
-0.19440241139702014,0.16191030498298037,0.0037854117839999993,33309.396421642945,3631680.096508706,288.1500002715126,42.77217756528768,205727.46388899922,290634.9973192653,1.51
-0.19206100628420883,0.1599896949201383,0.0037854117839999993,32929.03212438837,3588764.735035791,288.1500002715127,42.26480606320697,205819.70695566043,290731.12781182147,1.52
-0.1897488214352581,0.1580922067057857,0.0037854117839999993,32552.901999924587,3546365.581494748,288.1500002715127,41.76354270729605,205910.85846822613,290826.2021293463,1.53
-0.18746546125450936,0.1562175520932406,0.0037854117839999993,32180.961265659746,3504476.0878127962,288.1500002715126,41.26831135083734,206000.93161395908,290920.2310255843,1.54
-0.1852105364612089,0.1543654467286285,0.0037854117839999993,31813.16556341323,3463089.8014071803,288.15000027151257,40.77903687548423,206089.93941072942,291013.22516616713,1.55
-0.18298366395937946,0.1525356100890347,0.0037854117839999993,31449.470956395377,3422200.3633537595,288.1500002715126,40.2956451749226,206177.89470955922,291105.19512872666,1.56
-0.1807844667112063,0.15072776542192265,0.0037854117839999993,31089.833926188196,3381801.5066047153,288.15000027151257,39.81806313886687,206264.81019711532,291196.15140302986,1.57
-0.17861257361382113,0.14894163968578444,0.0037854117839999993,30734.211369727673,3341887.0542536927,288.1500002715126,39.34621863738153,206350.69839815295,291286.1043911365,1.58
-0.17646761937937108,0.14717696349199072,0.0037854117839999993,30382.56059628816,3302450.9178467295,288.1500002715126,38.880040505519474,206435.57167791112,291375.06440757745,1.59
-0.17434924441826688,0.14543347104780804,0.0037854117839999993,30034.839324469227,3263487.095737467,288.1500002715127,38.41945852826881,206519.4422444606,291463.0416795531,1.6
-0.17225709472550552,0.14371090010055299,0.0037854117839999993,29691.005679185582,3224989.6714850855,288.1500002715127,37.96440342579993,206602.32215100667,291550.0463471509,1.61
-0.17019082176996875,0.1420089918828533,0.0037854117839999993,29351.018188660433,3186952.8122935765,288.1500002715127,37.514806839005,206684.22329814726,291636.0884635817,1.62
-0.1681500823865999,0.14032749105898729,0.0037854117839999993,29014.835781422695,3149370.7674909467,288.1500002715126,37.0706013153224,206765.1574360877,291721.17799543275,1.6300000000000001
-0.16613453867136835,0.1386661456722736,0.0037854117839999993,28682.417783308632,3112237.8670470295,288.1500002715127,36.6317202948385,206845.13616681355,291805.32482293824,1.6400000000000001
-0.1641438578789315,0.13702470709348427,0.0037854117839999993,28353.72391446822,3075548.5201286254,288.1500002715126,36.19809809665988,206924.1709462226,291888.53874026524,1.6500000000000001
-0.16217771232290865,0.1354029299702552,0.0037854117839999993,28028.714286376606,3039297.2136907554,288.1500002715126,35.769669905548966,207002.27308621645,291970.8294558143,1.6600000000000001
-0.16023577927868476,0.13380057217746835,0.0037854117839999993,27707.349398851253,3003478.511102828,288.1500002715126,35.34637175881639,207079.45375675376,292052.20659253665,1.67
-0.15831774088866327,0.13221739476858171,0.0037854117839999993,27389.590137074967,2968087.050808609,288.15000027151257,34.928140533463754,207155.72398786552,292132.6796882616,1.68
-0.15642328406989345,0.1306531619278828,0.0037854117839999993,27075.397768625273,2933117.5450188713,288.15000027151257,34.5149139335703,207231.09467163298,292212.2581960409,1.69
-0.15455210042399453,0.12910764092364285,0.0037854117839999993,26764.733940510512,2898564.7784357066,288.15000027151257,34.10663047791761,207305.57656413052,292290.95148450247,1.7
-0.15270388614931063,0.12758060206214974,0.0037854117839999993,26457.56067621298,2864423.607007456,288.15000027151257,33.70322948784633,207379.1802873325,292368.7688382184,1.71
-0.15087834195522154,0.12607181864259753,0.0037854117839999993,26153.84037273949,2830688.9567133198,288.15000027151257,33.30465107533927,207451.91633098683,292445.71945808205,1.72
-0.1490751729785495,0.12458106691281204,0.0037854117839999993,25853.535797679695,2797355.822376675,288.1500002715126,32.91083613132538,207523.79505445456,292521.81246169785,1.73
-0.1472940887019917,0.12310812602579212,0.0037854117839999993,25556.610086272485,2764419.266506227,288.1500002715127,32.52172631419909,207594.8266885175,292597.05688377947,1.74
-0.14553480287452292,0.1216527779970469,0.0037854117839999993,25263.026738480767,2731874.4181641084,288.1500002715126,32.137264038550086,207665.0213371537,292671.46167655906,1.75
-0.1437970334337031,0.12021480766270987,0.0037854117839999993,24972.74961607499,2699716.471860105,288.1500002715126,31.75739246409814,207734.3889792824,292745.03571020474,1.76
-0.14208050242983716,0.1187940026384115,0.0037854117839999993,24685.74293972572,2667940.6864711842,288.1500002715126,31.38205548482847,207802.93947047874,292817.78777324746,1.77
-0.1403849359519291,0.11739015327889221,0.0037854117839999993,24401.97128610543,2636542.3841855642,288.1500002715126,31.011197718322588,207870.6825446587,292889.7265730149,1.78
-0.13871006405537636,0.11600305263833845,0.0037854117839999993,24121.39958500004,2605516.9494705764,288.15000027151257,30.644764495280196,207937.62781573588,292960.86073607433,1.79
-0.13705562069135602,0.11463249643142488,0.0037854117839999993,23843.993116430185,2574859.8280635923,288.1500002715125,30.282701849227642,208003.7847792495,293031.1988086817,1.8
-0.1354213436378491,0.11327828299504639,0.0037854117839999993,23569.717507782803,2544566.5259853275,288.15000027151257,29.924956506408552,208069.16281396584,293100.7492572383,1.81
-0.1338069744322581,0.1119402132507238,0.0037854117839999993,23298.538730952987,2514632.6085748463,288.1500002715127,29.571475875852514,208133.77118345216,293169.52046875417,1.82
-0.13221225830556854,0.11061809066766812,0.0037854117839999993,23030.42309949659,2485053.699545632,288.1500002715126,29.222208039617637,208197.61903762465,293237.520751316,1.83
-0.130636944118012,0.109311721226488,0.0037854117839999993,22765.33726579376,2455825.4800620987,288.1500002715126,28.877101743203117,208260.71541427117,293304.7583345621,1.84
-0.12908078429618647,0.10802091338352612,0.0037854117839999993,22503.248218223634,2426943.687835934,288.1500002715127,28.536106386127884,208323.06924054876,293371.2413701634,1.85
-0.1275435347715913,0.1067454780358102,0.0037854117839999993,22244.123278350387,2398404.116241706,288.1500002715127,28.199172012671642,208384.68933445675,293436.97793230665,1.86
-0.12602495492053722,0.10548522848660484,0.0037854117839999993,21987.93009812092,2370202.613451172,288.1500002715126,27.866249302774627,208445.5844062857,293501.97601818497,1.87
-0.12452480750539231,0.10423998041155091,0.0037854117839999993,21734.636657074432,2342335.0815857537,288.15000027151257,27.5372895630926,208505.7630600437,293566.2435484918,1.8800000000000001
-0.12304285861712597,0.10300955182537966,0.0037854117839999993,21484.211259564,2314797.475886654,288.15000027151257,27.212244718203603,208565.23379485944,293629.7883679185,1.8900000000000001
-0.12157887761911439,0.10179376304918851,0.0037854117839999993,21236.622531990382,2287585.8039021166,288.15000027151257,26.891067301963187,208624.0050063625,293692.6182456562,1.9000000000000001
-0.12013263709217153,0.1005924366782668,0.0037854117839999993,20991.839420048393,2260696.124691348,288.15000027151257,26.57371044900483,208682.08498804286,293754.7408759,1.9100000000000001
-0.11870391278077314,0.09940539755045906,0.0037854117839999993,20749.831185985757,2234124.548044632,288.15000027151257,26.260127886382435,208739.4819325878,293816.16387835826,1.92
-0.11729248354043927,0.09823247271505467,0.0037854117839999993,20510.56740587497,2207867.2337191813,288.1500002715125,25.950273925351812,208796.20393319908,293876.89479876286,1.93
-0.11589813128624346,0.09707349140219224,0.0037854117839999993,20274.017966898013,2181920.3906902997,288.15000027151245,25.644103453288203,208852.25898488864,293936.9411093827,1.94
-0.1145206409424191,0.09592828499276805,0.0037854117839999993,20040.153064644357,2156280.2764174286,288.1500002715125,25.341571925736908,208907.6549857549,293996.3102095401,1.95
-0.1131598003930317,0.09479668698883774,0.0037854117839999993,19808.943200422247,2130943.1961246706,288.1500002715126,25.042635358594254,208962.39973823915,294055.0094261293,1.96
-0.11181540043368815,0.09367853298450085,0.0037854117839999993,19580.3591785835,2105905.5020954013,288.1500002715126,24.747250320416097,209016.50095036265,294113.04601413483,1.97
-0.11048723472425594,0.09257366063725829,0.0037854117839999993,19354.37210386199,2081163.5929805932,288.1500002715126,24.455373924851266,209069.96623694495,294170.4271571547,1.98
-0.10917509974256538,0.09148190963983263,0.0037854117839999993,19130.953378725924,2056713.9131204707,288.1500002715126,24.16696382319727,209122.80312080425,294227.1599679231,1.99
-0.1078787947390668,0.09040312169244197,0.0037854117839999993,18910.074700744022,2032552.9518791623,288.15000027151257,23.881978197075846,209175.01903393868,294283.25148883404,2.0
-0.1065981216924196,0.08933714047551777,0.0037854117839999993,18691.70805996584,2008677.24299199,288.1500002715125,23.600375751225744,209226.62131869077,294338.7086924677,2.0100000000000002
-0.10533288526598697,0.08828381162285791,0.0037854117839999993,18475.82573631627,1985083.3639250791,288.15000027151257,23.322115706410536,209277.61722889435,294393.53848211654,2.02
-0.10408289276521433,0.08724298269520576,0.0037854117839999993,18262.400297004348,1961767.9352469516,288.15000027151257,23.047157792438938,209328.01393100372,294447.74769231095,2.0300000000000002
-0.10284795409586558,0.08621450315424711,0.0037854117839999993,18051.40459394657,1938727.6200118144,288.1500002715125,22.775462241295525,209377.81850520722,294501.3430893483,2.04
-0.10162788172309795,0.08519822433701613,0.0037854117839999993,17842.81176120472,1915959.1231542262,288.1500002715125,22.506989780379502,209427.03794652378,294554.3313718196,2.05
-0.1004224906313522,0.0841939994307026,0.0037854117839999993,17636.595212438446,1893459.1908948594,288.15000027151245,22.24170162584949,209475.6791658836,294606.7191711382,2.06
-0.09923159828503735,0.08320168344785223,0.0037854117839999993,17432.72863837247,1871224.6101570763,288.15000027151245,21.97955947607211,209523.7489911928,294658.5130520664,2.07
-0.09805502458998978,0.08222113320195233,0.0037854117839999993,17231.186004278854,1849252.2079940503,288.15000027151245,21.72052550517245,209571.25416838334,294709.7195132448,2.08
-0.09689259185568742,0.08125220728339545,0.0037854117839999993,17031.94154747406,1827538.8510261658,288.15000027151234,21.464562356684276,209618.20136244685,294760.3449877186,2.09
-0.09574412475819953,0.08029476603581345,0.0037854117839999993,16834.96977483117,1806081.444888448,288.15000027151234,21.211633137298193,209664.59715845436,294810.3958434648,2.1
-0.09460945030385408,0.07934867153277492,0.0037854117839999993,16640.24546030722,1784876.933687766,288.1500002715123,20.96170141070574,209710.44806256113,294859.87838391925,2.11
-0.09348839779360382,0.07841378755483888,0.0037854117839999993,16447.743642485675,1763922.2994695872,288.1500002715122,20.714731191537627,209755.76050299706,294908.79884850135,2.12
-0.09238079878807554,0.07748997956695812,0.0037854117839999993,16257.439622134305,1743214.5616940344,288.1500002715123,20.470686939394316,209800.54083104327,294957.16341314,2.13
-0.09128648707328321,0.07657711469622529,0.0037854117839999993,16069.308959778315,1722750.776721037,288.1500002715123,20.229533552967165,209844.79532199478,295004.9781907971,2.14
-0.09020529862699139,0.07567506170995537,0.0037854117839999993,15883.327473288915,1702528.0373043497,288.1500002715123,19.991236364248447,209888.53017610946,295052.24923199025,2.15
-0.08913707158571056,0.07478369099409826,0.0037854117839999993,15699.471235487401,1682543.472094233,288.1500002715122,19.75576113282852,209931.75151954405,295098.9825253152,2.16
-0.08808164621231113,0.07390287453197515,0.0037854117839999993,15517.71657176472,1662794.2451485947,288.1500002715122,19.523074040278615,209974.4654052767,295145.1839979654,2.17
-0.0870388648642397,0.07303248588333275,0.0037854117839999993,15338.040057716646,1643277.5554523864,288.1500002715123,19.293141684617517,210016.6778140171,295190.8595162525,2.18
-0.0860085719623239,0.07217240016370952,0.0037854117839999993,15160.418516794563,1623990.6364450727,288.1500002715123,19.065931074860714,210058.39465510368,295236.01488612243,2.19
-0.08499061396015146,0.07132249402410801,0.0037854117839999993,14984.829017971895,1604930.7555559853,288.1500002715122,18.841409625650392,210099.62176738816,295280.6558536726,2.2
-0.08398483931401038,0.0704826456309679,0.0037854117839999993,14811.248873426308,1586095.2137473805,288.1500002715122,18.619545151964875,210140.3649201088,295324.7881056659,2.21
-0.08299109845337599,0.06965273464643414,0.0037854117839999993,14639.655636237585,1567481.345065027,288.1500002715122,18.40030586390602,210180.62981375077,295368.4172700437,2.22
-0.08200924375193362,0.0688326422089148,0.0037854117839999993,14470.02709810132,1549086.516196153,288.1500002715123,18.183660361563142,210220.4220808953,295411.5489164365,2.23
-0.08103912949912227,0.06802225091392358,0.0037854117839999993,14302.341287058345,1530908.1260345925,288.1500002715123,17.969577629952134,210259.74728705687,295454.18855667295,2.24
-0.0800806118721895,0.06722144479520169,0.0037854117839999993,14136.57646524006,1512943.6052529674,288.1500002715123,17.758027034028405,210298.61093150944,295496.34164528694,2.25
-0.07913354890874409,0.06643010930611425,0.0037854117839999993,13972.711126629536,1495190.4158817544,288.1500002715123,17.548978313772338,210337.01844810127,295538.0135800231,2.2600000000000002
-0.07819780047979576,0.06564813130131629,0.0037854117839999993,13810.723994838505,1477646.0508950832,288.1500002715122,17.342401579345932,210374.97520605876,295579.20970233844,2.27
-0.07727322826327097,0.06487539901868358,0.0037854117839999993,13650.594020900198,1460308.0338031226,288.15000027151217,17.138267306319452,210412.48651077953,295619.93529790477,2.2800000000000002
-0.07635969571799317,0.06411180206150364,0.0037854117839999993,13492.300381078076,1443173.9182509119,288.1500002715122,16.93654633096679,210449.55760461485,295660.19559710583,2.29
-0.07545706805811848,0.06335723138092246,0.0037854117839999993,13335.82247469042,1426241.2876235014,288.1500002715122,16.737209845628374,210486.19366764152,295699.99577553425,2.3000000000000003
-0.07456521222801515,0.0626115792586423,0.0037854117839999993,13181.139921950818,1409507.754657266,288.1500002715122,16.540229394140418,210522.3998184237,295739.3409544847,2.31
-0.07368399687757768,0.061874739289866525,0.0037854117839999993,13028.232561824534,1392970.9610572679,288.1500002715123,16.345576867329406,210558.18111476424,295778.2362014464,2.32
-0.07281329233796605,0.06114660636648686,0.0037854117839999993,12877.08044990075,1376628.5771205334,288.15000027151234,16.153224498570662,210593.54255444667,295816.686530591,2.33
-0.07195297059776001,0.06042707666050926,0.0037854117839999993,12727.663856280675,1360478.3013651294,288.1500002715124,15.963144859409903,210628.48907596665,295854.6969032604,2.34
-0.07110290527952061,0.059716047607714054,0.0037854117839999993,12579.963263481508,1344517.8601649168,288.15000027151245,15.775310855246724,210663.02555925422,295892.272228449,2.35
-0.07026297161674828,0.05901341789154657,0.0037854117839999993,12433.959364356273,1328745.0073898651,288.15000027151245,15.589695721078936,210697.15682638655,295929.41736328654,2.36
-0.06943304643123076,0.05831908742723426,0.0037854117839999993,12289.633060029464,1313157.5240518167,288.15000027151245,15.406273017306766,210730.88764229126,295966.13711351604,2.37
-0.06861300811077127,0.05763295734612655,0.0037854117839999993,12146.965457848502,1297753.2179555933,288.1500002715125,15.225016625595881,210764.22271544056,296002.4362339709,2.38
-0.06780273658728896,0.05695492998025366,0.0037854117839999993,12005.937869350997,1282529.9233553258,288.1500002715126,15.04590074479825,210797.16669853637,296038.3194290467,2.39
-0.06700211331528437,0.056284908847100815,0.0037854117839999993,11866.531808247762,1267485.5006159288,288.1500002715127,14.86889988692993,210829.7241891864,296073.7913531729,2.4
-0.06621102125066125,0.055622798634594205,0.0037854117839999993,11728.728988421575,1252617.8358795913,288.15000027151274,14.69398887320477,210861.89973057155,296108.8566112806,2.41
-0.06542934482989801,0.05496850518629522,0.0037854117839999993,11592.511321941663,1237924.8407372013,288.15000027151274,14.521142830123138,210893.69781210486,296143.5197592674,2.42
-0.06465696994956091,0.054321935486799616,0.0037854117839999993,11457.860917093853,1223404.4519046103,288.15000027151274,14.35033718561479,210925.12287008154,296177.78530445957,2.43
-0.06389378394615251,0.05368299764733809,0.0037854117839999993,11324.760076426372,1209054.630903632,288.15000027151274,14.181547665234959,210956.17928832106,296211.65770607145,2.44
-0.06313967557628734,0.053051600891575214,0.0037854117839999993,11193.191294811279,1194873.3637476969,288.15000027151274,14.014750288412802,210986.87139880066,296245.1413756625,2.45
-0.06239453499718981,0.052427655541603314,0.0037854117839999993,11063.137257521437,1180858.66063207,288.15000027151274,13.849921364751403,211017.20348228086,296278.2406775897,2.46
-0.06165825374750564,0.05181107300412826,0.0037854117839999993,10934.580838323045,1167008.5556285442,288.1500002715128,13.687037490378422,211047.1797689229,296310.95992945926,2.47
-0.060930724728422564,0.051201765756844035,0.0037854117839999993,10807.505097583662,1153321.106384526,288.15000027151285,13.526075544346655,211076.80443889857,296343.3034025735,2.48
-0.06021184218509202,0.050599647334993114,0.0037854117839999993,10681.893280395649,1139794.3938264356,288.1500002715128,13.36701268508365,211106.08162299165,296375.27532237646,2.49
-0.059501501688347454,0.05000463231810964,0.0037854117839999993,10557.728814715056,1126426.5218673397,288.1500002715128,13.209826346889624,211135.01540319246,296406.8798688946,2.5
-0.05879960011671259,0.049416636316942514,0.0037854117839999993,10434.995309515829,1113215.6171187356,288.1500002715129,13.054494236482919,211163.60981328442,296438.12117717654,2.5100000000000002
-0.05810603563869314,0.048835575960555586,0.0037854117839999993,10313.67655295933,1100159.8286064158,288.15000027151285,12.900994329592226,211191.8688394229,296469.0033377278,2.52
-0.05742070769534809,0.04826136888360211,0.0037854117839999993,10193.75651057911,1087257.327490341,288.15000027151285,12.749304867594853,211219.79642070763,296499.5303969444,2.5300000000000002
-0.0567435169831335,0.04769393371377077,0.0037854117839999993,10075.219323480884,1074506.3067884415,288.1500002715128,12.599404354200315,211247.39644974688,296529.70635754144,2.54
-0.056074365437014,0.047133190059400636,0.0037854117839999993,9958.049306557637,1061904.981104288,288.1500002715129,12.451271552178547,211274.6727732154,296559.535178981,2.5500000000000003
-0.05541315621383728,0.046579058497262266,0.0037854117839999993,9842.23094671983,1049451.5863585505,288.1500002715129,12.304885480132027,211301.6291924045,296589.0207778947,2.56
-0.054759793675965396,0.04603146056050261,0.0037854117839999993,9727.748901140612,1037144.3795241908,288.1500002715128,12.160225409311142,211328.269463766,296618.16702850396,2.57
-0.054114183375158956,0.04549031872675102,0.0037854117839999993,9614.587995516033,1024981.6383653196,288.15000027151285,12.017270860472133,211354.5972994487,296646.97776303836,2.58
-0.05347623203670896,0.044955556406383934,0.0037854117839999993,9502.73322234014,1012961.6611796445,288.1500002715129,11.876001600776954,211380.61636782903,296675.45677214925,2.59
-0.05284584754381123,0.04442709793094582,0.0037854117839999993,9392.169739194911,1001082.7665444635,288.15000027151297,11.736397640734408,211406.33029403366,296703.6078053208,2.6
-0.052222938922179545,0.043904868541724026,0.0037854117839999993,9282.88286705499,989343.2930661341,288.15000027151297,11.598439231181946,211431.74266045704,296731.43457127875,2.61
-0.0516074163248922,0.04338879437847511,0.0037854117839999993,9174.85808860712,977741.5991329566,288.150000271513,11.462106860307463,211456.85700727158,296758.94073839474,2.62
-0.050999191017468117,0.04287880246830043,0.0037854117839999993,9068.081046584233,966276.0626714198,288.15000027151297,11.327381250710566,211481.6768329319,296786.12993508874,2.63
-0.05039817536316837,0.04237482071466874,0.0037854117839999993,8962.537542114114,954945.0809057497,288.1500002715129,11.194243356502625,211506.2055946725,296813.00575022754,2.64
-0.04980428280851794,0.04187677788658356,0.0037854117839999993,8858.213533082584,943747.0701207052,288.15000027151285,11.062674360445106,211530.44670899978,296839.57173352066,2.65
-0.049217427869045316,0.04138460360789311,0.0037854117839999993,8755.09513251111,932680.4654275686,288.1500002715129,10.93265567112556,211554.40355217725,296865.8313959128,2.66
-0.04863752611523393,0.04089822834674077,0.0037854117839999993,8653.16860694879,921743.7205332768,288.1500002715129,10.804168920170714,211578.07946070534,296891.7882099738,2.67
-0.048064494158683455,0.04041758340515394,0.0037854117839999993,8552.420374878637,910935.3075126442,288.15000027151297,10.677195959496158,211601.47773179473,296917.4456102839,2.68
-0.04749824963847562,0.03994260090876918,0.0037854117839999993,8452.837005138097,900253.7165836217,288.15000027151297,10.551718858592,211624.60162383475,296942.8069938186,2.69
-0.0469387112077418,0.03947321379669176,0.0037854117839999993,8354.405215353689,889697.4558855486,288.150000271513,10.427719901844045,211647.45435685475,296967.87572032795,2.7
-0.046385798520428546,0.03900935581148748,0.0037854117839999993,8257.111870389745,879265.0512603449,288.150000271513,10.305181585889914,211670.03911298094,296992.6551127139,2.71
-0.04583943221825691,0.03855096148930491,0.0037854117839999993,8160.943980811137,868955.0460365989,288.150000271513,10.184086617009623,211692.35903688695,297017.1484574045,2.72
-0.04529953391787308,0.03809796615012618,0.0037854117839999993,8065.888701359925,858766.0008165017,288.150000271513,10.064417908550102,211714.41723623904,297041.3590047247,2.73
-0.044766026198186176,0.03765030588814432,0.0037854117839999993,7971.933329445855,848696.4932655889,288.1500002715131,9.946158578383166,211736.21678213595,297065.2899692646,2.74
-0.0442388325878902,0.037207917562265415,0.0037854117839999993,7879.065303650604,838745.1179052357,288.1500002715131,9.82929194639645,211757.76070954304,297088.944530244,2.75
-0.04371787755316681,0.036770738786733745,0.0037854117839999993,7787.272202245735,828910.4859078738,288.1500002715131,9.713801532016827,211779.0520177215,297112.3258318742,2.7600000000000002
-0.04320308648556587,0.036338707921878086,0.0037854117839999993,7696.541741724251,819191.2248948772,288.1500002715131,9.599671051765842,211800.09367065222,297135.43698371726,2.77
-0.0426943856900606,0.03591176406497748,0.0037854117839999993,7606.86177534566,809585.9787370834,288.1500002715132,9.486884416846706,211820.88859745438,297158.28106104134,2.7800000000000002
-0.042191702373274194,0.03548984704124474,0.0037854117839999993,7518.220291694506,800093.4073579017,288.1500002715133,9.375425730762386,211841.43969279891,297180.8611051736,2.79
-0.041694964631875164,0.03507289739492599,0.0037854117839999993,7430.605413252234,790712.1865389802,288.1500002715133,9.265279286964358,211861.74981731683,297203.1801238495,2.8000000000000003
-0.04120410144113833,0.03466085638051461,0.0037854117839999993,7344.005394982374,781441.007728378,288.15000027151336,9.15642956653157,211881.82179800307,297225.24109156016,2.81
-0.04071904264366882,0.03425366595407792,0.0037854117839999993,7258.4086229289005,772278.577851217,288.15000027151336,9.048861235879201,211901.65842861505,297247.0469498956,2.82
-0.04023971893828597,0.03385126876469506,0.0037854117839999993,7173.8036128276935,763223.6191227676,288.15000027151336,8.94255914449678,211921.26247006614,297268.60060788534,2.83
-0.03976606186906484,0.03345360814600441,0.0037854117839999993,7090.179008731064,754274.8688639378,288.1500002715134,8.83750832271526,211940.63665081494,297289.904942337,2.84
-0.039298003814532294,0.03306062810785909,0.0037854117839999993,7007.5235816452,745431.0793191236,288.15000027151336,8.733693979502627,211959.78366724946,297310.9627981697,2.85
-0.03883547797701541,0.03267227332808894,0.0037854117839999993,6925.826228180482,736691.0174763924,288.15000027151336,8.631101500287649,211978.70618406663,297331.77698874724,2.86
-0.03837841837213919,0.03228848914436755,0.0037854117839999993,6845.075969214587,728053.4648899571,288.1500002715133,8.529716444811372,211997.4068346475,297352.350296206,2.87
-0.037926759818471836,0.03190922154618283,0.0037854117839999993,6765.261948568268,719517.2175049147,288.15000027151325,8.42952454500597,212015.8882214276,297372.6854717817,2.88
-0.037480437927314286,0.03153441716690969,0.0037854117839999993,6686.373431693753,711081.08548421,288.1500002715133,8.330511702900562,212034.15291626286,297392.7852361315,2.89
-0.0370393890926322,0.031164023275983367,0.0037854117839999993,6608.3998043756665,702743.8930377958,288.1500002715133,8.232663988553636,212052.20346079147,297412.6522796554,2.9
-0.036603550481127914,0.030797987771172087,0.0037854117839999993,6531.330571444367,694504.478253955,288.1500002715133,8.135967638011689,212070.0423667907,297432.2892628123,2.91
-0.03617286002245,0.030436259170947586,0.0037854117839999993,6455.155355501664,686361.6929327572,288.1500002715133,8.040409051293743,212087.67211653013,297451.69881643506,2.92
-0.03574725639953833,0.030078786606952203,0.0037854117839999993,6379.863895658783,678314.4024216121,288.1500002715133,7.945974790401352,212105.09516312022,297470.8835420422,2.93
-0.035326679039102214,0.029725519816561182,0.0037854117839999993,6305.446046286494,670361.4854528982,288.15000027151336,7.852651577353781,212122.31393085673,297489.846012146,2.94
-0.034911068102229804,0.029376409135538885,0.0037854117839999993,6231.891775777352,662501.8339836288,288.1500002715133,7.760426292247969,212139.33081556103,297508.58877055906,2.95
-0.034500364475126166,0.029031405490787622,0.0037854117839999993,6159.191165319932,654734.3530371332,288.1500002715133,7.669285971342987,212156.14818491632,297527.11433269683,2.96
-0.0340945097599786,0.028690460393187837,0.0037854117839999993,6087.334407684977,647057.960546719,288.15000027151336,7.579217805168602,212172.76837879996,297545.425185878,2.97
-0.03369344626594655,0.02835352593052837,0.0037854117839999993,6016.311806023375,639471.5872012915,288.15000027151336,7.490209136657661,212189.19370961143,297563.5237896226,2.98
-0.03329711700027452,0.028020554760525625,0.0037854117839999993,5946.1137726758825,631974.1762929009,288.1500002715133,7.402247459301941,212205.42646259663,297581.4125759456,2.99
-0.032905465659525845,0.027691500103930365,0.0037854117839999993,5876.730827994503,624564.6835661902,288.15000027151325,7.315320415331166,212221.46889616843,297599.0939496501,3.0
-0.03251843662093564,0.027366315737721008,0.0037854117839999993,5808.15359917543,617242.0770697163,288.1500002715132,7.229415793914857,212237.32324222306,297616.5702886157,3.0100000000000002
-0.03213597493388077,0.0270449559883822,0.0037854117839999993,5740.372819103472,610005.337009122,288.1500002715132,7.144521529386724,212252.9917064529,297633.84394408576,3.02
-0.03175802631146512,0.026727375725267552,0.0037854117839999993,5673.379325207865,602853.4556021282,288.1500002715132,7.060625699491286,212268.4764686553,297650.91724095057,3.0300000000000002
-0.03138453712221858,0.026413530354045367,0.0037854117839999993,5607.164058329408,595785.4369353245,288.15000027151325,6.977716523652417,212283.77968303818,297667.79247802886,3.04
-0.031015454381907507,0.02610337581022629,0.0037854117839999993,5541.718061598798,588800.2968227322,288.1500002715132,6.895782361263525,212298.90347852127,297684.4719283464,3.0500000000000003
-0.030650725745455593,0.025796868552771735,0.0037854117839999993,5477.032479326115,581897.0626661184,288.15000027151325,6.814811709999089,212313.84995903456,297700.9578394115,3.06
-0.030290299498972693,0.02549396555778201,0.0037854117839999993,5413.098555901338,575074.7733170281,288.15000027151314,6.7347932041472225,212328.62120381248,297717.2524334889,3.0700000000000003
-0.029934124551890512,0.025194624312263103,0.0037854117839999993,5349.907634705833,568332.4789405253,288.15000027151314,6.655715612963049,212343.21926768505,297733.3579078694,3.08
-0.02958215042920341,0.02489880280797107,0.0037854117839999993,5287.451157034705,561669.2408806053,288.1500002715131,6.577567839042548,212357.6461813653,297749.276435139,3.09
-0.02923432726381246,0.024606459535332945,0.0037854117839999993,5225.720661029942,555084.1315272667,288.15000027151314,6.500338916716636,212371.90395173337,297765.0101634433,3.1
-0.028890605788971496,0.02431755347744323,0.0037854117839999993,5164.707780624245,548576.234185213,288.15000027151314,6.4240180104652085,212385.99456211692,297780.561216751,3.11
-0.028550937330833387,0.024032044104134894,0.0037854117839999993,5104.404244495499,542144.642944167,288.1500002715131,6.348594413350856,212399.91997256895,297795.931695114,3.12
-0.028215273801095238,0.023749891366123942,0.0037854117839999993,5044.80187503174,535788.4625507744,288.150000271513,6.274057545472032,212413.6821201413,297811.1236749256,3.13
-0.027883567689740815,0.023471055689226535,0.0037854117839999993,4985.892587306588,529506.8082820744,288.15000027151297,6.20039695243537,212427.28291915587,297826.1392091751,3.14
-0.027555772057878902,0.023195497968647744,0.0037854117839999993,4927.668388065028,523298.8058205177,288.1500002715129,6.127602303846938,212440.72426147194,297840.980327701,3.15
-0.027231840530676007,0.022923179563340983,0.0037854117839999993,4870.121374719453,517163.5911305116,288.15000027151285,6.055663391822153,212454.00801675036,297855.64903744165,3.16
-0.026911727290382145,0.022654062290437163,0.0037854117839999993,4813.243734355917,511100.31033647055,288.15000027151285,5.984570129514123,212467.1360327152,297870.14732268243,3.17
-0.026595387069448216,0.022388108419742682,0.0037854117839999993,4757.027742750461,505108.119602354,288.15000027151285,5.914312549660168,212480.11013541158,297884.4771453021,3.18
-0.02628277514373384,0.022125280668305342,0.0037854117839999993,4701.465763395471,499186.1850126699,288.15000027151285,5.844880803146289,212492.93212946047,297898.64044501475,3.19
-0.025973847325803785,0.021865542195047303,0.0037854117839999993,4646.550246535981,493333.68245492695,288.15000027151285,5.77626515758934,212505.60379831135,297912.639139611,3.2
-0.02566855995831245,0.021608856595464177,0.0037854117839999993,4592.273728215796,487549.79750351474,288.1500002715129,5.708455995936684,212518.12690449067,297926.47512519674,3.21
-0.025366869907474443,0.021355187896389433,0.0037854117839999993,4538.628829333398,481833.72530499287,288.1500002715129,5.641443815083088,212530.50318984804,297940.1502764279,3.22
-0.025068734556620367,0.02110450055082323,0.0037854117839999993,4485.608254707538,476184.6704647732,288.15000027151285,5.5752192245046475,212542.73437579963,297953.6664467451,3.23
-0.024774111799836376,0.020856759432824865,0.0037854117839999993,4433.204792152413,470601.84693517466,288.15000027151285,5.509772944909518,212554.8221635682,297967.02546860377,3.24
-0.024482960035686462,0.020611929832468002,0.0037854117839999993,4381.411311562364,465084.47790483286,288.1500002715129,5.445095806905219,212566.76823442054,297980.22915370425,3.25
-0.024195238161016153,0.02036997745085784,0.0037854117839999993,4330.220764006015,459631.79568944895,288.1500002715129,5.381178749682321,212578.5742499021,297993.279293217,3.2600000000000002
-0.023910905564836483,0.020130868395209476,0.0037854117839999993,4279.62618082975,454243.0416238576,288.15000027151285,5.318012819714274,212590.24185206878,298006.17765800835,3.27
-0.023629922122287032,0.019894569173986607,0.0037854117839999993,4229.620672770476,448917.46595540125,288.15000027151285,5.255589169473197,212601.77266371614,298018.92599886167,3.2800000000000002
-0.023352248188676965,0.019661046692099837,0.0037854117839999993,4180.197429077556,443654.3277385872,288.15000027151285,5.1938990561614,212613.16828860564,298031.52604669705,3.29
-0.023077844593602962,0.01943026824616381,0.0037854117839999993,4131.349716643866,438452.89473101933,288.15000027151285,5.132933840458455,212624.43031168825,298043.97951278964,3.3000000000000003
-0.022806672635142904,0.01920220151981238,0.0037854117839999993,4083.0708791458687,433312.44329058105,288.15000027151285,5.072684985283594,212635.5602993257,298056.28808898473,3.31
-0.02253869407412412,0.018976814579071136,0.0037854117839999993,4035.3543361926386,428232.2582738572,288.1500002715128,5.013144054573256,212646.5597995087,298068.4534479109,3.3200000000000003
-0.02227387112846541,0.018754075867786484,0.0037854117839999993,3988.193582483755,423211.632935779,288.15000027151285,4.95430271207358,212657.43034207294,298080.47724319104,3.33
-0.0220121664675917,0.018533954203110565,0.0037854117839999993,3941.5821869759748,418249.8688304736,288.1500002715129,4.89615272014765,212668.1734389123,298092.36110965133,3.34
-0.021753543206919856,0.018316418771041367,0.0037854117839999993,3895.513792058623,413346.2757133081,288.1500002715129,4.8386859385973136,212678.7905841894,298104.10666352796,3.35
-0.021497964902415633,0.01810143912201721,0.0037854117839999993,3849.9821127376104,408500.1714441066,288.1500002715129,4.781894323499367,212689.28325454443,298115.715502672,3.36
-0.02124539554521962,0.01788898516656501,0.0037854117839999993,3804.9809358280013,403710.881891532,288.1500002715129,4.725769926055953,212699.6529093004,298127.18920675194,3.37
-0.020995799556342135,0.01767902717100159,0.0037854117839999993,3760.504119155055,398977.74083861103,288.1500002715129,4.6703048914589615,212709.9009906667,298138.52933745354,3.38
-0.020749141781425604,0.017471535753187335,0.0037854117839999993,3716.545590763668,394300.08988939435,288.1500002715129,4.615491457768267,212720.02892394035,298149.73743867944,3.39
-0.020505387485573557,0.0172664818783316,0.0037854117839999993,3673.099348136129,389677.2783767338,288.1500002715129,4.561321954803637,212730.03811770416,298160.8150367445,3.4
-0.020264502348245523,0.017063836854849142,0.0037854117839999993,3630.159457418125,385108.6632711629,288.15000027151297,4.5077888030501105,212739.92996402323,298171.76364057045,3.41
-0.020026452458216586,0.016863572330266977,0.0037854117839999993,3587.720052652913,380593.60909086885,288.1500002715131,4.454884512576712,212749.7058386391,298182.58474187896,3.42
-0.019791204308601023,0.016665660287180965,0.0037854117839999993,3545.775335023573,376131.4878127394,288.1500002715131,4.402601681968285,212759.36710116087,298193.2798153806,3.43
-0.01955872479193887,0.016470073039261575,0.0037854117839999993,3504.3195721032935,371721.67878447496,288.1500002715131,4.3509329972703386,212768.91509525492,298203.85031896416,3.44
-0.019328981195344885,0.016276783227308127,0.0037854117839999993,3463.3470971135926,367363.56863774825,288.1500002715131,4.299871230946676,212778.3511488323,298214.29769388353,3.45
-0.019101941195718494,0.016085763815350942,0.0037854117839999993,3422.8523081904013,363056.551202402,288.1500002715131,4.249409240849699,212787.6765742333,298224.6233649409,3.46
-0.018877572855014537,0.015896988086800797,0.0037854117839999993,3382.8296676579475,358800.02742167027,288.15000027151314,4.199539969203203,212796.89266841038,298234.82874067075,3.47
-0.01865584461557358,0.01571042964064506,0.0037854117839999993,3343.2737013103565,354593.4052684102,288.15000027151314,4.150256441597494,212806.0007131087,298244.91521351883,3.48
-0.018436725295510967,0.01552606238768995,0.0037854117839999993,3304.178997700905,350436.09966233384,288.15000027151314,4.101551765996709,212815.00197504475,298254.884160023,3.49
-0.018220184084164082,0.015343860546848309,0.0037854117839999993,3265.540207438841,346327.5323882237,288.15000027151314,4.05341913175814,212823.89770608261,298264.73694098816,3.5
-0.018006190537596688,0.015163798641472341,0.0037854117839999993,3227.352042493722,342267.13201512495,288.15000027151314,4.005851808663452,212832.68914340844,298274.47490166285,3.5100000000000002
-0.017794714574159893,0.014985851495730743,0.0037854117839999993,3189.609275507167,338254.33381649794,288.15000027151314,3.958843145961619,212841.3775097025,298284.0993719117,3.52
-0.017585726470108743,0.014809994231029655,0.0037854117839999993,3152.3067391119826,334288.5796913208,288.15000027151314,3.912386571423443,212849.96401330945,298293.6116663863,3.5300000000000002
-0.017379196855273796,0.014636202262476918,0.0037854117839999993,3115.4393252585796,330369.3180861315,288.1500002715131,3.866475590407503,212858.4498484067,298303.01308469643,3.54
-0.01717509670878689,0.01446445129538905,0.0037854117839999993,3079.0019845486013,326496.0039179959,288.1500002715131,3.8211037849374043,212866.8361951704,298312.30491157627,3.5500000000000003
-0.01697339735486042,0.014294717321840445,0.0037854117839999993,3042.989725575716,322668.0984983913,288.15000027151314,3.7762648127901657,212875.12421994022,298321.4884170514,3.56
-0.016774070458619388,0.01412697661725425,0.0037854117839999993,3007.397614273476,318885.06945799413,288.15000027151325,3.731952406595629,212883.31507538096,298330.5648566023,3.5700000000000003
-0.01657708802198547,0.013961205737034396,0.0037854117839999993,2972.2207732702063,315146.39067236136,288.1500002715133,3.6881603729467334,212891.40990064357,298339.53547132766,3.58
-0.01638242237961245,0.013797381513238272,0.0037854117839999993,2937.4543812508264,311451.54218849377,288.1500002715133,3.6448825915205307,212899.40982152344,298348.40148810495,3.59
-0.016190046194872437,0.013635481051289549,0.0037854117839999993,2903.0936723255577,307800.0101522701,288.1500002715133,3.602113014209804,212907.3159506172,298357.16411974916,3.6
-0.01599993245589187,0.01347548172673063,0.0037854117839999993,2869.1339354054408,304191.28673674306,288.15000027151336,3.559845664265157,212915.1293874775,298365.8245651707,3.61
-0.015812054471637096,0.01331736118201426,0.0037854117839999993,2835.5705135845933,300624.87007128424,288.15000027151336,3.518074635447445,212922.8512187661,298374.38400953106,3.62
-0.015626385868048417,0.013161097323333775,0.0037854117839999993,2802.398803529148,297100.26417157013,288.15000027151336,3.4767940911904174,212930.48251840493,298382.8436243966,3.63
-0.015442900584222333,0.013006668317491551,0.0037854117839999993,2769.6142548728085,293616.97887039726,288.15000027151336,3.435998263773449,212938.0243477257,298391.2045678913,3.64
-0.015261572868641035,0.012854052588805141,0.0037854117839999993,2737.212369618943,290174.52974931657,288.1500002715134,3.3956814535042255,212945.4777556175,298399.4679848475,3.65
-0.015082377275448797,0.012703228816050653,0.0037854117839999993,2705.1887015491693,286772.438071078,288.15000027151336,3.3558380279112736,212952.8437786728,298407.63500695524,3.66
-0.014905288660774464,0.012554175929442909,0.0037854117839999993,2673.538855638355,283410.2307128744,288.1500002715134,3.3164624209461993,212960.12344133155,298415.7067529094,3.67
-0.01473028217909943,0.012406873107651914,0.0037854117839999993,2642.2584874759723,280087.44010037614,288.1500002715134,3.2775491321955257,212967.31775602384,298423.68432855635,3.68
-0.014557333279670676,0.012261299774855208,0.0037854117839999993,2611.343302693747,276803.60414254497,288.15000027151336,3.2390927261020037,212974.42772331077,298431.568827038,3.69
-0.014386417702958048,0.012117435597825627,0.0037854117839999993,2580.7890563995347,273558.2661672206,288.15000027151336,3.2010878311952835,212981.4543320235,298439.3613289347,3.7
-0.014217511477155432,0.011975260483054072,0.0037854117839999993,2550.591552617367,270350.9748574671,288.1500002715133,3.1635291393318266,212988.39855940113,298447.0629024072,3.71
-0.014050590914724971,0.011834754573906823,0.0037854117839999993,2520.746643733599,267181.28418867383,288.15000027151325,3.12641140494395,212995.26137122622,298454.67460333527,3.72
-0.013885632608984058,0.011695898247816982,0.0037854117839999993,2491.250229949102,264048.7533663979,288.15000027151325,3.0897294442978844,213002.0437219595,298462.1974754577,3.73
-0.013722613430734354,0.011558672113509638,0.0037854117839999993,2462.0982587374465,260952.94676494232,288.15000027151314,3.0534781347607387,213008.74655487246,298469.63255050755,3.74
-0.013561510524932294,0.011423057008260315,0.0037854117839999993,2433.286724308996,257893.4338666593,288.15000027151314,3.0176524140762586,213015.3708021786,298476.98084834864,3.75
-0.013402301307400706,0.011289033995186307,0.0037854117839999993,2404.811667080877,254869.7892019703,288.1500002715131,2.982247279649275,213021.91738516328,298484.24337710906,3.7600000000000002
-0.013244963461580711,0.0111565843605705,0.0037854117839999993,2376.669173152744,251881.5922900945,288.1500002715131,2.9472577878387303,213028.3872143115,298491.42113331327,3.77
-0.013089474935323728,0.011025689611217263,0.0037854117839999993,2348.8553737882935,248928.42758047677,288.150000271513,2.9126790532591804,213034.78118943475,298498.515102014,3.7800000000000002
-0.012935813937722784,0.010896331471840034,0.0037854117839999993,2321.3664449024673,246009.88439490704,288.15000027151297,2.8785062480906665,213041.10019979635,298505.52625692106,3.79
-0.012783958935982756,0.010768491882480207,0.0037854117839999993,2294.1986065542833,243125.55687032288,288.150000271513,2.844734601396858,213047.34512423497,298512.4555605298,3.8000000000000003
-0.012633888652329058,0.010642152995956916,0.0037854117839999993,2267.3481224452335,240275.0439022857,288.15000027151285,2.811359398451357,213053.51683128654,298519.3039642481,3.81
-0.012485582060954167,0.010517297175347374,0.0037854117839999993,2240.8112994232074,237457.94908912576,288.1500002715128,2.7783759800720733,213059.61617930568,298526.07240852155,3.8200000000000003
-0.012339018385001649,0.010393906991497358,0.0037854117839999993,2214.5844869918674,234673.88067674363,288.1500002715128,2.7457797419635654,213065.64401658476,298532.76182295766,3.83
-0.012194177093587017,0.010271965220561488,0.0037854117839999993,2188.664076825425,231922.45150406368,288.1500002715128,2.7135661340672494,213071.60118147166,298539.3731264485,3.84
-0.01205103789885516,0.010151454841572937,0.0037854117839999993,2163.046502288771,229203.27894913018,288.1500002715128,2.6817306599193858,213077.48850248675,298545.9072272921,3.85
-0.011909580753073697,0.0100323590340422,0.0037854117839999993,2137.728237962895,226515.98487583915,288.1500002715128,2.65026887601674,213083.30679843796,298552.3650233124,3.86
-0.011769785845761889,0.009914661175584582,0.0037854117839999993,2112.7057991755414,223860.195581297,288.1500002715128,2.619176391189832,213089.05687853458,298558.74740197824,3.87
-0.011631633600854627,0.009798344839576036,0.0037854117839999993,2087.975741537053,221235.54174380036,288.15000027151274,2.588448865983674,213094.73954249988,298565.0552405205,3.88
-0.01149510467390109,0.009683393792837025,0.0037854117839999993,2063.534660481342,218641.6583714281,288.15000027151274,2.5580820120459125,213100.3555806823,298571.2894060486,3.89
-0.011360179949297467,0.00956979199334405,0.0037854117839999993,2039.3791908119406,216078.18475123882,288.1500002715128,2.5280715915222745,213105.9057741655,298577.45075566473,3.9
-0.011226840537553606,0.009457523587968515,0.0037854117839999993,2015.5060062530747,213544.7643990668,288.1500002715128,2.4984134164592424,213111.39089487668,298583.5401365784,3.91
-0.01109506777259285,0.009346572910242587,0.0037854117839999993,1991.911819005711,211041.045009909,288.1500002715128,2.469103348213857,213116.81170569413,298589.55838621804,3.92
-0.01096484320908483,0.00923692447815174,0.0037854117839999993,1968.5933793085255,208566.67840889603,288.1500002715128,2.4401372968705646,213122.1689605533,298595.5063323424,3.93
-0.01083614861981072,0.009128562991953632,0.0037854117839999993,1945.547475003743,206121.32050284013,288.1500002715128,2.411511220665031,213127.46340455176,298601.38479315076,3.94
-0.010708965993060558,0.009021473332023026,0.0037854117839999993,1922.7709311077906,203704.6312323539,288.15000027151285,2.383221125414827,213132.69577405244,298607.194577391,3.95
-0.010583277530062284,0.008915640556722403,0.0037854117839999993,1900.2606093867266,201316.27452453153,288.15000027151285,2.3552630639569028,213137.86679678646,298612.93648446794,3.96
-0.010459065642441924,0.008811049900297983,0.0037854117839999993,1878.013407936381,198955.9182461876,288.15000027151285,2.327633135591778,213142.97719195395,298618.61130454874,3.97
-0.010336312949714726,0.008707686770800836,0.0037854117839999993,1856.0262607671737,196623.23415764546,288.1500002715128,2.300327485534355,213148.02767032434,298624.2198186688,3.98
-0.010215002276806778,0.008605536748032768,0.0037854117839999993,1834.296137393545,194317.8978670699,288.15000027151285,2.2733423043712833,213153.0189343351,298629.7627988352,3.99
-0.010095116651606667,0.008504585581516701,0.0037854117839999993,1812.8200424279632,192039.58878533545,288.1500002715129,2.2466738275247846,213157.9516781894,298635.24100813037,4.0
-0.009976639302546858,0.008404819188491232,0.0037854117839999993,1791.5950151794518,189787.99008142712,288.15000027151285,2.2203183347228768,213162.82658795247,298640.6552008128,4.01
-0.009858772206307272,0.008306231466428159,0.0037854117839999993,1770.6197918832368,187562.9650047795,288.1500002715128,2.19427421384816,213167.64395979897,298646.00569830363,4.0200000000000005
-0.00974059663422124,0.008208825500085946,0.0037854117839999993,1749.8950629229153,185364.58413907903,288.1500002715128,2.1685422798076086,213172.40364100735,298651.2923235608,4.03
-0.00962211165835569,0.008112604383502389,0.0037854117839999993,1729.4215203665767,183192.9182702509,288.1500002715128,2.143123349959538,213177.10547841946,298656.5148991211,4.04
-0.009503317716649005,0.0080175712063359,0.0037854117839999993,1709.1998550571984,181048.03807806148,288.1500002715128,2.1180182405053505,213181.74931910806,298661.67324784165,4.05
-0.009384215315863352,0.007923729053177266,0.0037854117839999993,1689.2307564623743,178930.01412044608,288.1500002715128,2.093227766307727,213186.33501041087,298666.76719293883,4.0600000000000005
-0.009264805032582368,0.007831081002851441,0.0037854117839999993,1669.5149125218802,176838.9168176091,288.1500002715128,2.0687527407061728,213190.86239996483,298671.796558027,4.07
-0.009145087514129128,0.0077396301277101506,0.0037854117839999993,1650.053009493248,174774.81643591708,288.1500002715128,2.044593975330149,213195.3313357409,298676.7611671583,4.08
-0.00902506347939538,0.007649379492916197,0.0037854117839999993,1630.8457317955367,172737.78307160304,288.1500002715128,2.020752279910005,213199.74166607915,298681.6608448623,4.09
-0.008904733719572289,0.007560332155720474,0.0037854117839999993,1611.8937618515156,170727.8866343047,288.15000027151274,1.9972284620859826,213204.09323972455,298686.49541618646,4.1
-0.008784099098772515,0.007472491164732749,0.0037854117839999993,1593.1977799284896,168745.19683046243,288.15000027151274,1.9740233272155814,213208.38590586273,298691.2647067369,4.11
-0.008663160554532576,0.007385859559187423,0.0037854117839999993,1574.7584639780198,166789.78314660152,288.15000027151274,1.9511376781795913,213212.619514156,298695.9685427195,4.12
-0.008541919098183704,0.007300440368205586,0.0037854117839999993,1556.5764894748295,164861.7148325312,288.1500002715128,1.9285723151871468,213216.7939147798,298700.6067509807,4.13
-0.008420375815078587,0.0072162366100548,0.0037854117839999993,1538.6525292551942,162961.06088449122,288.15000027151274,1.9063280355801844,213220.90895845913,298705.17915904924,4.14
-0.008298531864660645,0.007133251291408194,0.0037854117839999993,1520.987253355159,161087.89002828213,288.15000027151274,1.8844056336377155,213224.96449650478,298709.6855951773,4.15
-0.008176388480361223,0.007051487406604581,0.0037854117839999993,1503.5813288489503,159242.2707024181,288.15000027151274,1.8628059003803699,213228.96038084992,298714.1258883821,4.16
-0.008053946969309281,0.006970947936911488,0.0037854117839999993,1486.435419687984,157424.2710413451,288.15000027151274,1.8415296233757088,213232.89646408637,298718.4998684865,4.17
-0.007931208711837095,0.006891635849793117,0.0037854117839999993,1469.5501865409014,155633.95885876968,288.15000027151274,1.8205775865448404,213236.77259950066,298722.80736616097,4.18
-0.007808175160763654,0.006813554098185481,0.0037854117839999993,1452.9262866351144,153871.40163114967,288.1500002715128,1.799950569970932,213240.58864110927,298727.0482129627,4.19
-0.007684847840436837,0.006736705619781113,0.0037854117839999993,1436.5643736003765,152136.66648140014,288.1500002715128,1.779649349710249,213244.34444369457,298731.22224137705,4.2
-0.007561228345513161,0.006661093336325981,0.0037854117839999993,1420.4650973149319,150429.82016287523,288.1500002715128,1.7596746976064208,213248.0398628387,298735.3292848556,4.21
-0.007437318339452562,0.006586720152931456,0.0037854117839999993,1404.6291037548654,148750.92904368925,288.1500002715128,1.7400273811086802,213251.6747549579,298739.3691778558,4.22
-0.007313119552703366,0.006513588957404422,0.0037854117839999993,1389.0570348473025,147100.05909144724,288.15000027151285,1.7207081630948986,213255.2489773354,298743.34175587783,4.23
-0.007188633780550769,0.006441702619598914,0.0037854117839999993,1373.7495283281896,145477.27585846165,288.15000027151285,1.7017178017003065,213258.76238815332,298747.2468555014,4.24
-0.007063862880598968,0.006371063990792925,0.0037854117839999993,1358.7072176054285,143882.64446753738,288.15000027151285,1.6830570501528628,213262.21484652325,298751.08431442035,4.25
-0.0069388087698548095,0.006301675903094377,0.0037854117839999993,1343.9307316282252,142316.22959841532,288.15000027151285,1.6647266566163301,213265.6062125158,298754.8539714766,4.26
-0.006813473421376784,0.006233541168880609,0.0037854117839999993,1329.420694763574,140778.09547497248,288.15000027151285,1.6467273640422022,213268.93634718793,298758.5556666913,4.2700000000000005
-0.006687858860449796,0.006166662580276111,0.0037854117839999993,1315.1777266808976,139268.30585328653,288.1500002715129,1.6290599100317358,213272.20511260905,298762.1892412945,4.28
-0.006561967160241246,0.006101042908673698,0.0037854117839999993,1301.2024422459435,137786.9240106807,288.15000027151285,1.6117250267094585,213275.41237188433,298765.7545377528,4.29
-0.006435800436888604,0.006036684904304812,0.0037854117839999993,1287.4954514251588,136334.01273587963,288.15000027151285,1.5947234406096553,213278.55798917625,298769.2513997931,4.3
-0.0063093608439628735,0.005973591295865183,0.0037854117839999993,1274.0573592018684,134909.634320414,288.15000027151285,1.5780558725774771,213281.6418297229,298772.67967242433,4.3100000000000005
-0.0061826505662441415,0.005911764790202742,0.0037854117839999993,1260.8887655057338,133513.85055143284,288.15000027151285,1.5617230376864972,213284.6637598537,298776.0392019562,4.32
-0.006055671812737594,0.005851208072075366,0.0037854117839999993,1247.990265157106,132146.72270609243,288.1500002715129,1.5457256451747146,213287.6236470012,298779.3298360124,4.33
-0.005928426808847497,0.005791923803986891,0.0037854117839999993,1235.3624478280765,130808.31154771328,288.15000027151285,1.5300643984012314,213290.52135970962,298782.5514235418,4.34
-0.005800917787614428,0.005733914626110747,0.0037854117839999993,1223.00589802222,129498.67732391703,288.1500002715129,1.5147399948260816,213293.35676763847,298785.7038148225,4.3500000000000005
-0.005673146979906567,0.005677183156311681,0.0037854117839999993,1210.9211950752688,128217.87976697824,288.1500002715129,1.499753126015968,213296.12974156236,298788.786861463,4.36
-0.005545116603437912,0.0056217319902773025,0.0037854117839999993,1199.10891317921,126965.97809665762,288.1500002715129,1.4851044776790137,213298.8401533638,298791.80041639507,4.37
-0.0054168288504651925,0.005567563701772651,0.0037854117839999993,1187.5696214326395,125743.03102581392,288.15000027151297,1.4707947297320116,213301.48787602203,298794.7443338616,4.38
-0.005288285873989534,0.005514680843032756,0.0037854117839999993,1176.3038839205478,124549.09676913268,288.15000027151297,1.4568245564041276,213304.07278359352,298797.61846939696,4.39
-0.005159489772257522,0.00546308594531018,0.0037854117839999993,1165.3122598271746,123384.23305535635,288.15000027151297,1.443194626381546,213306.59475118527,298800.42267979647,4.4
-0.005030442571318478,0.005412781519596996,0.0037854117839999993,1154.5953035860755,122248.49714345373,288.1500002715129,1.429905602998196,213309.05365492008,298803.1568230799,4.41
-0.004901146205347722,0.005363770057543519,0.0037854117839999993,1144.1535650721637,121141.94584323451,288.1500002715129,1.4169581444784556,213311.44937189182,298805.8207584421,4.42
-0.004771602494388598,0.005316054032599633,0.0037854117839999993,1133.9875898412313,120064.63554099038,288.1500002715129,1.4043529042386564,213313.7817801099,298808.4143461919,4.43
-0.0046418131190942855,0.00526963590140869,0.0037854117839999993,1124.0979194233464,119016.62223084207,288.1500002715129,1.3920905312553153,213316.050758431,298810.93744767713,4.44
-0.00451177959196294,0.00522451810548906,0.0037854117839999993,1114.4850916776047,117997.96155258214,288.15000027151285,1.3801716705093507,213318.25618647737,298813.38992519473,4.45
-0.004381503224448253,0.005180703073244578,0.0037854117839999993,1105.1496412170284,117008.70883694703,288.1500002715129,1.3685969635171873,213320.39794453877,298815.77164188155,4.46
-0.00425098508918913,0.005138193222352687,0.0037854117839999993,1096.092099914013,116048.91915941844,288.15000027151297,1.3573670489616376,213322.47591345583,298818.082461587,4.47
-0.004120225976426016,0.0050969909625884265,0.0037854117839999993,1087.3129974987219,115118.64740386864,288.15000027151297,1.3464825634379194,213324.48997448233,298820.32224871876,4.48
-0.003989226343446834,0.005057098699153958,0.0037854117839999993,1078.812862265277,114217.9483376226,288.150000271513,1.335944142333224,213326.44000912228,298822.4908680636,4.49
-0.0038579862556177118,0.005018518836597781,0.0037854117839999993,1070.5922219036956,113346.87669983703,288.15000027151297,1.3257524208620632,213328.325898939,298824.5881845755,4.5
-0.0037265053171804123,0.004981253783425977,0.0037854117839999993,1062.651604479371,112505.48730550818,288.15000027151297,1.3159080352844321,213330.1475253298,298826.6140631253,4.51
-0.0035947825895120186,0.004945305957530856,0.0037854117839999993,1054.991539586829,111693.83516793781,288.150000271513,1.3064116243399049,213331.90476926047,298828.5683682064,4.5200000000000005
-0.003462816493900644,0.00491067779259185,0.0037854117839999993,1047.6125597107632,110911.97564315528,288.150000271513,1.2972638309385711,213333.59751095265,298830.4509635875,4.53
-0.0033306046950381343,0.004877371745641469,0.0037854117839999993,1040.5152018354424,110159.96460064863,288.150000271513,1.288465304159752,213335.22562951464,298832.26171190315,4.54
-0.003198143960283391,0.004845390306038635,0.0037854117839999993,1033.7000093541337,109437.85862587631,288.15000027151297,1.2800167016225033,213336.78900250216,298834.00047416514,4.55
-0.003065429988188862,0.004814736006156746,0.0037854117839999993,1027.1675343440536,108745.71526149979,288.150000271513,1.2719186923091026,213338.28750539676,298835.66710918327,4.5600000000000005
-0.002932457197633441,0.004785411434180412,0.0037854117839999993,1020.9183402908008,108083.59329623161,288.150000271513,1.26417195994559,213339.72101097959,298837.26147286955,4.57
-0.0027992184659019407,0.004757419249521393,0.0037854117839999993,1014.9530053710893,107451.55311282759,288.15000027151297,1.2567772070742287,213341.08938857887,298838.7834174017,4.58
-0.0026657047997965446,0.004730762201523428,0.0037854117839999993,1009.2721264365006,106849.6571103435,288.15000027151297,1.2497351599947966,213342.39250315496,298840.2327902057,4.59
-0.0025319049177334133,0.004705443152346093,0.0037854117839999993,1003.8763238879806,106277.97022075616,288.15000027151297,1.2430465748098634,213343.63021418217,298841.6094327129,4.6000000000000005
-0.0023978047117827216,0.004681465105228266,0.0037854117839999993,998.7662476969522,105736.56054705738,288.1500002715131,1.2367122448912067,213344.80237426714,298842.91317882395,4.61
-0.0022633865451492817,0.0046588312397767735,0.0037854117839999993,993.9425849237699,105225.50015997796,288.1500002715131,1.2307330102020875,213345.90882742393,298844.1438529905,4.62
-0.002128628319993451,0.004637544956576839,0.0037854117839999993,989.4060692229916,104744.86610519882,288.1500002715131,1.225109769082084,213346.9494068932,298845.30126779,4.63
-0.001993502218185514,0.004617609934394984,0.0037854117839999993,985.1574930325472,104294.74169489995,288.1500002715131,1.2198434933584983,213347.9239323462,298846.3852208158,4.64
-0.0018579729654741356,0.004599030204740243,0.0037854117839999993,981.1977234625547,103875.21819125992,288.15000027151314,1.2149352480433455,213348.8322062398,298847.39549062395,4.65
-0.001721995382774517,0.004581810250912498,0.0037854117839999993,977.5277234031598,103486.3970428738,288.1500002715131,1.2103862174991578,213349.67400897466,298848.3318313477,4.66
-0.0015855108384143222,0.004565955142528355,0.0037854117839999993,974.1485801938074,103128.39292225163,288.1500002715131,1.2061977409769578,213350.44909231892,298849.1939653827,4.67
-0.0014484419451451286,0.004551470723076903,0.0037854117839999993,971.0615455949242,102801.33796072811,288.1500002715131,1.2023713621632515,213351.15717023954,298849.9815731892,4.68
-0.0013106843343409437,0.004538363879733494,0.0037854117839999993,968.2680932914852,102505.38784075223,288.1500002715131,1.1989089004572864,213351.79790571242,298850.69427862106,4.69
-0.0011720933119586257,0.004526642946613907,0.0037854117839999993,965.7700048371412,102240.73090125211,288.15000027151314,1.1958125574995324,213352.37089100922,298851.3316269982,4.7
-0.0010324609795343263,0.0045163183368185636,0.0037854117839999993,963.5695043611216,102007.6024090643,288.15000027151314,1.1930850841400995,213352.87561679946,298851.89305073884,4.71
-0.0008914741473358007,0.0045074035953452055,0.0037854117839999993,961.6694829763696,101806.30833355078,288.1500002715131,1.1907300585888403,213353.31142067807,298852.3778121042,4.72
-0.000748629381388228,0.004499917301531323,0.0037854117839999993,960.0739042513285,101637.26830355891,288.1500002715131,1.188752388987471,213353.67739416345,298852.7848997495,4.73
-0.000603037887985382,0.00449388692265147,0.0037854117839999993,958.788625539759,101501.10262138917,288.1500002715131,1.1871593314222828,213353.9721943109,298853.112819174,4.74
-0.0004528809706182429,0.004489358112945287,0.0037854117839999993,957.8233799202245,101398.84223443936,288.15000027151314,1.185962946467461,213354.19358912206,298853.359087059,4.75
-0.0002932709075762785,0.004486425403869524,0.0037854117839999993,957.1983173506317,101332.6217202524,288.1500002715131,1.1851882066919472,213354.33695722476,298853.51856239047,4.76
-9.422215792642165e-05,0.00448548318229026,0.0037854117839999993,956.9974968977494,101311.34636997333,288.1500002715131,1.1849392980835771,213354.3830185787,298853.5697987193,4.7700000000000005
