run_time [s],time [s],state [-],ox_l1 [lbf]
7.8240,0.0000,1,-9653.00
8.8540,1.0300,1,-9653.00
8.8640,1.0400,1,-11249.00
8.8680,1.0440,1,-11249.00
8.8730,1.0490,1,-9831.00
8.8770,1.0530,1,-9831.00
8.8810,1.0570,1,-9831.00
8.8860,1.0620,1,-9281.00
8.8900,1.0660,1,-9281.00
8.8940,1.0700,1,-10994.00
8.8980,1.0740,1,-10994.00
8.9030,1.0790,1,-10994.00
8.9070,1.0830,1,-10219.00
8.9110,1.0870,1,-10219.00
8.9150,1.0910,1,-10219.00
8.9200,1.0960,1,-9037.00
8.9240,1.1000,1,-9037.00
8.9280,1.1040,1,-10673.00
8.9320,1.1080,1,-10673.00
8.9370,1.1130,1,-10673.00
8.9420,1.1180,1,-10572.00
8.9470,1.1230,1,-10572.00
8.9510,1.1270,1,-9204.00
8.9560,1.1320,1,-9204.00
8.9610,1.1370,1,-9204.00
8.9650,1.1410,1,-10703.00
8.9700,1.1460,1,-10703.00
8.9750,1.1510,1,-10936.00
8.9790,1.1550,1,-10936.00
8.9840,1.1600,1,-10936.00
8.9880,1.1640,1,-9299.00
8.9930,1.1690,1,-9299.00
9.0020,1.1780,1,-10561.00
9.0130,1.1890,1,-11214.00
9.0170,1.1930,1,-11214.00
9.0220,1.1980,1,-9264.00
9.0270,1.2030,1,-9264.00
9.0310,1.2070,1,-9825.00
9.0360,1.2120,1,-9825.00
9.0410,1.2170,1,-9825.00
9.0460,1.2220,1,-11034.00
9.0510,1.2270,1,-11034.00
9.0560,1.2320,1,-9339.00
9.0730,1.2490,1,-9410.00
9.0860,1.2620,1,-11091.00
9.0910,1.2670,1,-9808.00
9.0960,1.2720,1,-9808.00
9.1010,1.2770,1,-9188.00
9.1060,1.2820,1,-9188.00
9.1100,1.2860,1,-11030.00
9.1150,1.2910,1,-11030.00
9.1200,1.2960,1,-11030.00
9.1240,1.3000,1,-10290.00
9.1290,1.3050,1,-10290.00
9.1340,1.3100,1,-9076.00
9.1380,1.3140,1,-9076.00
9.1430,1.3190,1,-9076.00
9.1480,1.3240,1,-10832.00
9.1530,1.3290,1,-10832.00
9.1580,1.3340,1,-10652.00
9.1630,1.3390,1,-10652.00
9.1670,1.3430,1,-9011.00
9.1720,1.3480,1,-9011.00
9.1820,1.3580,1,-10424.00
9.1920,1.3680,1,-10715.00
9.1970,1.3730,1,-10715.00
9.2020,1.3780,1,-8914.00
9.2070,1.3830,1,-8914.00
9.2120,1.3880,1,-8914.00
9.2170,1.3930,1,-9892.00
9.2220,1.3980,1,-9892.00
9.2260,1.4020,1,-10927.00
9.2310,1.4070,1,-10927.00
9.2360,1.4120,1,-9155.00
9.2410,1.4170,1,-9155.00
9.2460,1.4220,1,-9155.00
9.2510,1.4270,1,-9618.00
9.2560,1.4320,1,-9618.00
9.2610,1.4370,1,-11044.00
9.2660,1.4420,1,-11044.00
9.2720,1.4480,1,-9590.00
9.2770,1.4530,1,-9590.00
9.2820,1.4580,1,-9312.00
9.2870,1.4630,1,-9312.00
9.2920,1.4680,1,-9312.00
9.2970,1.4730,1,-11007.00
9.3020,1.4780,1,-11007.00
9.3080,1.4840,1,-9796.00
9.3130,1.4890,1,-9796.00
9.3180,1.4940,1,-9026.00
9.3230,1.4990,1,-9026.00
9.3280,1.5040,1,-10943.00
9.3330,1.5090,1,-10943.00
9.3380,1.5140,1,-10295.00
9.3460,1.5220,1,-10295.00
9.3560,1.5320,1,-9078.00
9.3620,1.5380,1,-10768.00
9.3670,1.5430,1,-10768.00
9.3720,1.5480,1,-10676.00
9.3780,1.5540,1,-10676.00
9.3830,1.5590,1,-10676.00
9.3880,1.5640,1,-9031.00
9.3940,1.5700,1,-9031.00
9.3990,1.5750,1,-10413.00
9.4040,1.5800,1,-10413.00
9.4230,1.5990,1,-8945.00
9.4370,1.6130,1,-9838.00
9.4430,1.6190,1,-10928.00
9.4480,1.6240,1,-10928.00
9.4540,1.6300,1,-9154.00
9.4590,1.6350,1,-9154.00
9.4640,1.6400,1,-9589.00
9.4700,1.6460,1,-9589.00
9.4750,1.6510,1,-11131.00
9.4810,1.6570,1,-11131.00
9.4860,1.6620,1,-11131.00
9.4920,1.6680,1,-9585.00
9.4980,1.6740,1,-9585.00
9.5030,1.6790,1,-9398.00
9.5090,1.6850,1,-9398.00
9.5150,1.6910,1,-10968.00
9.5200,1.6960,1,-10968.00
9.5260,1.7020,1,-9824.00
9.5320,1.7080,1,-9824.00
9.5380,1.7140,1,-9175.00
9.5480,1.7240,1,-11015.00
9.5600,1.7360,1,-10463.00
9.5650,1.7410,1,-10463.00
9.5710,1.7470,1,-9202.00
9.5770,1.7530,1,-9202.00
9.5820,1.7580,1,-10905.00
9.5880,1.7640,1,-10905.00
9.5940,1.7700,1,-10796.00
9.5990,1.7750,1,-10796.00
9.6050,1.7810,1,-8962.00
9.6110,1.7870,1,-8962.00
9.6170,1.7930,1,-10171.00
9.6230,1.7990,1,-10171.00
9.6290,1.8050,1,-10664.00
9.6350,1.8110,1,-10664.00
9.6410,1.8170,1,-9025.00
9.6470,1.8230,1,-9769.00
9.6520,1.8280,1,-9769.00
9.6580,1.8340,1,-10979.00
9.6640,1.8400,1,-10979.00
9.6700,1.8460,1,-9558.00
9.6760,1.8520,1,-9558.00
9.6820,1.8580,1,-9695.00
9.6880,1.8640,1,-9695.00
9.6940,1.8700,1,-11099.00
9.7000,1.8760,1,-11099.00
9.7060,1.8820,1,-9657.00
9.7120,1.8880,1,-9657.00
9.7180,1.8940,1,-9468.00
9.7240,1.9000,1,-9468.00
9.7300,1.9060,1,-11112.00
9.7390,1.9150,1,-10018.00
9.7500,1.9260,1,-9215.00
9.7560,1.9320,1,-9215.00
9.7620,1.9380,1,-11092.00
9.7680,1.9440,1,-11092.00
9.7750,1.9510,1,-10596.00
9.7810,1.9570,1,-10596.00
9.7870,1.9630,1,-9189.00
9.7930,1.9690,1,-9189.00
9.7990,1.9750,1,-10631.00
9.8050,1.9810,1,-10631.00
9.8240,2.0000,1,-9225.00
9.8400,2.0160,1,-10358.00
9.8460,2.0220,1,-10900.00
9.8520,2.0280,1,-8967.00
9.8590,2.0350,1,-8967.00
9.8650,2.0410,1,-9939.00
9.8710,2.0470,1,-9939.00
9.8770,2.0530,1,-11366.00
9.8840,2.0600,1,-11366.00
9.8900,2.0660,1,-9716.00
9.8960,2.0720,1,-9716.00
9.9030,2.0790,1,-9689.00
9.9090,2.0850,1,-11163.00
9.9160,2.0920,1,-11163.00
9.9220,2.0980,1,-9867.00
9.9280,2.1040,1,-9867.00
9.9350,2.1110,1,-9404.00
9.9410,2.1170,1,-9404.00
9.9480,2.1240,1,-11270.00
9.9540,2.1300,1,-11270.00
9.9650,2.1410,1,-10316.00
9.9770,2.1530,1,-9189.00
9.9830,2.1590,1,-10910.00
9.9890,2.1650,1,-10458.00
9.9960,2.1720,1,-10458.00
10.0020,2.1780,1,-9207.00
10.0090,2.1850,1,-9207.00
10.0150,2.1910,1,-10760.00
10.0220,2.1980,1,-10760.00
10.0290,2.2050,1,-10834.00
10.0350,2.2110,1,-9206.00
10.0420,2.2180,1,-9206.00
10.0490,2.2250,1,-10434.00
10.0550,2.2310,1,-10434.00
10.0620,2.2380,1,-11129.00
10.0680,2.2440,1,-9423.00
10.0750,2.2510,1,-9423.00
10.0820,2.2580,1,-10057.00
10.0880,2.2640,1,-10057.00
10.0950,2.2710,1,-11120.00
10.1020,2.2780,1,-11120.00
10.1080,2.2840,1,-9440.00
10.1150,2.2910,1,-9574.00
10.1220,2.2980,1,-9574.00
10.1280,2.3040,1,-11119.00
10.1350,2.3110,1,-11119.00
10.1420,2.3180,1,-9734.00
10.1490,2.3250,1,-9481.00
10.1560,2.3320,1,-9481.00
10.1630,2.3390,1,-11113.00
10.1690,2.3450,1,-11113.00
10.1790,2.3550,1,-10182.00
10.1910,2.3670,1,-9215.00
10.1980,2.3740,1,-10974.00
10.2040,2.3800,1,-10974.00
10.2110,2.3870,1,-10618.00
10.2180,2.3940,1,-9138.00
10.2250,2.4010,1,-9138.00
10.2320,2.4080,1,-10773.00
10.2390,2.4150,1,-10773.00
10.2460,2.4220,1,-10930.00
10.2530,2.4290,1,-9150.00
10.2730,2.4490,1,-10153.00
10.2870,2.4630,1,-9016.00
10.2940,2.4700,1,-9016.00
10.3010,2.4770,1,-9752.00
10.3080,2.4840,1,-11163.00
10.3150,2.4910,1,-11163.00
10.3220,2.4980,1,-9395.00
10.3290,2.5050,1,-9395.00
10.3360,2.5120,1,-9387.00
10.3430,2.5190,1,-11134.00
10.3500,2.5260,1,-11134.00
10.3570,2.5330,1,-9685.00
10.3640,2.5400,1,-9685.00
10.3710,2.5470,1,-9176.00
10.3780,2.5540,1,-11261.00
10.3850,2.5610,1,-11261.00
10.3920,2.5680,1,-10323.00
10.3990,2.5750,1,-10323.00
10.4060,2.5820,1,-9141.00
10.4130,2.5890,1,-10883.00
10.4260,2.6020,1,-10804.00
10.4390,2.6150,1,-9290.00
10.4460,2.6220,1,-10600.00
10.4540,2.6300,1,-10600.00
10.4610,2.6370,1,-10757.00
10.4680,2.6440,1,-9019.00
10.4750,2.6510,1,-9019.00
10.4830,2.6590,1,-10283.00
10.4900,2.6660,1,-10283.00
10.4970,2.6730,1,-11489.00
10.5040,2.6800,1,-9571.00
10.5120,2.6880,1,-9571.00
10.5190,2.6950,1,-9783.00
10.5260,2.7020,1,-10934.00
10.5330,2.7090,1,-10934.00
10.5400,2.7160,1,-9560.00
10.5480,2.7240,1,-9560.00
10.5550,2.7310,1,-9550.00
10.5620,2.7380,1,-11046.00
10.5700,2.7460,1,-11046.00
10.5770,2.7530,1,-10084.00
10.5850,2.7610,1,-9414.00
10.5920,2.7680,1,-9414.00
10.6000,2.7760,1,-10923.00
10.6070,2.7830,1,-10165.00
10.6150,2.7910,1,-10165.00
10.6220,2.7980,1,-9025.00
10.6300,2.8060,1,-10732.00
10.6370,2.8130,1,-10732.00
10.6440,2.8200,1,-10691.00
10.6520,2.8280,1,-8968.00
10.6620,2.8380,1,-8968.00
10.6740,2.8500,1,-10816.00
10.6820,2.8580,1,-10816.00
10.6890,2.8650,1,-9098.00
10.6970,2.8730,1,-10066.00
10.7030,2.8790,1,-10066.00
10.7070,2.8830,1,-10066.00
10.7100,2.8860,1,-11105.00
10.7130,2.8890,1,-11105.00
10.7160,2.8920,1,-11105.00
10.7190,2.8950,1,-9395.00
10.7300,2.9060,1,-9395.00
10.7560,2.9320,1,-9551.00
10.7590,2.9350,1,-9551.00
10.7620,2.9380,1,-9551.00
10.7650,2.9410,1,-9473.00
10.7690,2.9450,1,-9473.00
10.7720,2.9480,1,-9473.00
10.7750,2.9510,1,-9473.00
10.7780,2.9540,1,-11191.00
10.7810,2.9570,1,-11191.00
10.7840,2.9600,1,-11191.00
10.7880,2.9640,1,-11191.00
10.7910,2.9670,1,-10101.00
10.7950,2.9710,1,-10101.00
10.7990,2.9750,1,-10101.00
10.8030,2.9790,1,-9172.00
10.8060,2.9820,1,-9172.00
10.8100,2.9860,1,-9172.00
10.8140,2.9900,1,-10858.00
10.8180,2.9940,1,-10858.00
10.8210,2.9970,1,-10858.00
10.8250,3.0010,1,-10266.00
10.8290,3.0050,1,-10266.00
10.8330,3.0090,1,-10266.00
10.8370,3.0130,1,-9030.00
10.8400,3.0160,1,-9030.00
10.8440,3.0200,1,-9030.00
10.8480,3.0240,1,-10672.00
10.8520,3.0280,1,-10672.00
10.8560,3.0320,1,-10672.00
10.8590,3.0350,1,-10852.00
10.8630,3.0390,1,-10852.00
10.8690,3.0450,1,-9115.00
10.8730,3.0490,1,-9115.00
10.8770,3.0530,1,-9115.00
10.8810,3.0570,1,-10284.00
10.8860,3.0620,1,-10284.00
10.8900,3.0660,1,-10284.00
10.8940,3.0700,1,-10890.00
10.8980,3.0740,1,-10890.00
10.9020,3.0780,1,-9070.00
10.9060,3.0820,1,-9070.00
10.9110,3.0870,1,-9070.00
10.9150,3.0910,1,-9915.00
10.9190,3.0950,1,-9915.00
10.9230,3.0990,1,-9915.00
10.9270,3.1030,1,-11114.00
10.9310,3.1070,1,-11114.00
10.9360,3.1120,1,-11114.00
10.9400,3.1160,1,-9355.00
10.9440,3.1200,1,-9355.00
10.9480,3.1240,1,-9726.00
10.9530,3.1290,1,-9726.00
10.9570,3.1330,1,-9726.00
10.9610,3.1370,1,-11231.00
10.9660,3.1420,1,-11231.00
10.9700,3.1460,1,-11231.00
10.9740,3.1500,1,-9892.00
10.9790,3.1550,1,-9892.00
10.9830,3.1590,1,-9612.00
10.9880,3.1640,1,-9612.00
10.9920,3.1680,1,-9612.00
11.0110,3.1870,1,-10029.00
11.0200,3.1960,1,-8964.00
11.0240,3.2000,1,-8964.00
11.0290,3.2050,1,-10749.00
11.0330,3.2090,1,-10749.00
11.0380,3.2140,1,-10749.00
11.0430,3.2190,1,-10398.00
11.0470,3.2230,1,-10398.00
11.0520,3.2280,1,-8894.00
11.0570,3.2330,1,-8894.00
11.0620,3.2380,1,-10607.00
11.0660,3.2420,1,-10607.00
11.0710,3.2470,1,-10607.00
11.0760,3.2520,1,-10748.00
11.0810,3.2570,1,-10748.00
11.0860,3.2620,1,-9121.00
11.0900,3.2660,1,-9121.00
11.0950,3.2710,1,-9121.00
11.1000,3.2760,1,-10183.00
11.1050,3.2810,1,-10183.00
11.1100,3.2860,1,-10755.00
11.1130,3.2890,1,-10755.00
11.1180,3.2940,1,-10755.00
11.1230,3.2990,1,-9117.00
11.1280,3.3040,1,-9117.00
11.1320,3.3080,1,-9938.00
11.1370,3.3130,1,-9938.00
11.1420,3.3180,1,-11214.00
11.1470,3.3230,1,-11214.00
11.1520,3.3280,1,-11214.00
11.1570,3.3330,1,-9478.00
11.1620,3.3380,1,-9478.00
11.1670,3.3430,1,-9509.00
11.1720,3.3480,1,-9509.00
11.1770,3.3530,1,-11193.00
11.1820,3.3580,1,-11193.00
11.1870,3.3630,1,-9843.00
11.1930,3.3690,1,-9843.00
11.1980,3.3740,1,-9843.00
11.2030,3.3790,1,-9331.00
11.2080,3.3840,1,-9331.00
11.2130,3.3890,1,-11102.00
11.2180,3.3940,1,-11102.00
11.2230,3.3990,1,-10123.00
11.2280,3.4040,1,-10123.00
11.2330,3.4090,1,-9014.00
11.2380,3.4140,1,-9014.00
11.2430,3.4190,1,-9014.00
11.2490,3.4250,1,-10907.00
11.2540,3.4300,1,-10907.00
11.2590,3.4350,1,-10522.00
11.2640,3.4400,1,-10522.00
11.2700,3.4460,1,-8836.00
11.2750,3.4510,1,-8836.00
11.2800,3.4560,1,-10344.00
11.2860,3.4620,1,-10344.00
11.2910,3.4670,1,-10298.00
11.2960,3.4720,1,-10298.00
11.3010,3.4770,1,-8720.00
11.3070,3.4830,1,-8720.00
11.3120,3.4880,1,-8720.00
11.3170,3.4930,1,-10325.00
11.3380,3.5140,1,-9110.00
11.3460,3.5220,1,-9110.00
11.3510,3.5270,1,-9794.00
11.3570,3.5330,1,-9794.00
11.3620,3.5380,1,-10976.00
11.3680,3.5440,1,-10976.00
11.3730,3.5490,1,-9410.00
11.3780,3.5540,1,-9410.00
11.3840,3.5600,1,-9440.00
11.3890,3.5650,1,-9440.00
11.3940,3.5700,1,-11184.00
11.4000,3.5760,1,-11184.00
11.4050,3.5810,1,-9910.00
11.4110,3.5870,1,-9910.00
11.4160,3.5920,1,-9375.00
11.4220,3.5980,1,-9375.00
11.4270,3.6030,1,-11252.00
11.4320,3.6080,1,-11252.00
11.4380,3.6140,1,-11252.00
11.4430,3.6190,1,-10381.00
11.4490,3.6250,1,-10381.00
11.4540,3.6300,1,-9206.00
11.4600,3.6360,1,-9206.00
11.4660,3.6420,1,-10745.00
11.4710,3.6470,1,-10745.00
11.4770,3.6530,1,-10517.00
11.4820,3.6580,1,-10517.00
11.4880,3.6640,1,-9133.00
11.4940,3.6700,1,-9133.00
11.4990,3.6750,1,-10635.00
11.5050,3.6810,1,-10635.00
11.5110,3.6870,1,-10884.00
11.5160,3.6920,1,-10884.00
11.5220,3.6980,1,-9221.00
11.5280,3.7040,1,-9221.00
11.5330,3.7090,1,-10218.00
11.5390,3.7150,1,-10218.00
11.5440,3.7200,1,-11052.00
11.5500,3.7260,1,-11052.00
11.5560,3.7320,1,-9253.00
11.5620,3.7380,1,-9253.00
11.5680,3.7440,1,-9808.00
11.5740,3.7500,1,-9808.00
11.5800,3.7560,1,-11224.00
11.5860,3.7620,1,-11224.00
11.5910,3.7670,1,-9623.00
11.5970,3.7730,1,-9623.00
11.6030,3.7790,1,-9578.00
11.6090,3.7850,1,-9578.00
11.6150,3.7910,1,-11327.00
11.6210,3.7970,1,-10046.00
11.6270,3.8030,1,-10046.00
11.6330,3.8090,1,-9313.00
11.6390,3.8150,1,-9313.00
11.6440,3.8200,1,-11227.00
11.6500,3.8260,1,-11227.00
11.6560,3.8320,1,-10348.00
11.6620,3.8380,1,-10348.00
11.6680,3.8440,1,-9016.00
11.6750,3.8510,1,-9016.00
11.6810,3.8570,1,-10701.00
11.6870,3.8630,1,-10701.00
11.7080,3.8840,1,-8897.00
11.7180,3.8940,1,-10457.00
11.7240,3.9000,1,-10890.00
11.7300,3.9060,1,-10890.00
11.7370,3.9130,1,-9170.00
11.7430,3.9190,1,-9170.00
11.7490,3.9250,1,-10151.00
11.7550,3.9310,1,-10151.00
11.7610,3.9370,1,-11189.00
11.7670,3.9430,1,-11189.00
11.7730,3.9490,1,-9387.00
11.7790,3.9550,1,-9387.00
11.7860,3.9620,1,-9645.00
11.7920,3.9680,1,-9645.00
11.7980,3.9740,1,-10982.00
11.8040,3.9800,1,-9397.00
11.8110,3.9870,1,-9397.00
11.8170,3.9930,1,-9459.00
11.8230,3.9990,1,-9459.00
11.8300,4.0060,1,-11066.00
11.8360,4.0120,1,-11066.00
11.8420,4.0180,1,-9854.00
11.8490,4.0250,1,-9854.00
11.8550,4.0310,1,-9113.00
11.8610,4.0370,1,-11085.00
11.8680,4.0440,1,-11085.00
11.8740,4.0500,1,-10400.00
11.8800,4.0560,1,-10400.00
11.8870,4.0630,1,-9109.00
11.8930,4.0690,1,-9109.00
11.8990,4.0750,1,-10875.00
11.9060,4.0820,1,-10875.00
11.9120,4.0880,1,-10785.00
11.9190,4.0950,1,-9131.00
11.9260,4.1020,1,-9131.00
11.9320,4.1080,1,-10212.00
11.9390,4.1150,1,-10212.00
11.9450,4.1210,1,-10574.00
11.9520,4.1280,1,-9056.00
11.9590,4.1350,1,-9056.00
11.9650,4.1410,1,-9971.00
11.9720,4.1480,1,-9971.00
11.9780,4.1540,1,-11146.00
11.9850,4.1610,1,-11146.00
11.9910,4.1670,1,-9337.00
11.9980,4.1740,1,-9666.00
12.0050,4.1810,1,-9666.00
12.0110,4.1870,1,-11047.00
12.0180,4.1940,1,-11047.00
12.0240,4.2000,1,-9390.00
12.0310,4.2070,1,-9390.00
12.0380,4.2140,1,-9250.00
12.0440,4.2200,1,-11222.00
12.0510,4.2270,1,-11222.00
12.0580,4.2340,1,-10157.00
12.0650,4.2410,1,-10157.00
12.0720,4.2480,1,-9259.00
12.0790,4.2550,1,-10913.00
12.0850,4.2610,1,-10913.00
12.0920,4.2680,1,-10343.00
12.0990,4.2750,1,-10343.00
12.1060,4.2820,1,-9084.00
12.1290,4.3050,1,-10854.00
12.1380,4.3140,1,-9053.00
12.1440,4.3200,1,-9053.00
12.1510,4.3270,1,-10107.00
12.1570,4.3330,1,-10107.00
12.1630,4.3390,1,-10813.00
12.1690,4.3450,1,-9189.00
12.1760,4.3520,1,-9189.00
12.1820,4.3580,1,-9896.00
12.1890,4.3650,1,-9896.00
12.1950,4.3710,1,-11012.00
12.2020,4.3780,1,-11012.00
12.2080,4.3840,1,-9348.00
12.2150,4.3910,1,-9561.00
12.2210,4.3970,1,-9561.00
12.2280,4.4040,1,-11012.00
12.2340,4.4100,1,-11012.00
12.2410,4.4170,1,-9628.00
12.2470,4.4230,1,-9628.00
12.2540,4.4300,1,-9390.00
12.2600,4.4360,1,-11287.00
12.2670,4.4430,1,-11287.00
12.2730,4.4490,1,-10208.00
12.2800,4.4560,1,-10208.00
12.2860,4.4620,1,-9132.00
12.2930,4.4690,1,-9132.00
12.2990,4.4750,1,-11011.00
12.3060,4.4820,1,-10524.00
12.3130,4.4890,1,-10524.00
12.3190,4.4950,1,-9010.00
12.3260,4.5020,1,-9010.00
12.3330,4.5090,1,-10495.00
12.3400,4.5160,1,-10495.00
12.3460,4.5220,1,-10798.00
12.3530,4.5290,1,-9088.00
12.3600,4.5360,1,-9088.00
12.3660,4.5420,1,-10149.00
12.3730,4.5490,1,-10149.00
12.3800,4.5560,1,-10924.00
12.3870,4.5630,1,-9034.00
12.3930,4.5690,1,-9034.00
12.4000,4.5760,1,-9656.00
12.4070,4.5830,1,-9656.00
12.4130,4.5890,1,-11021.00
12.4190,4.5950,1,-11021.00
12.4230,4.5990,1,-9455.00
12.4260,4.6020,1,-9455.00
12.4290,4.6050,1,-9455.00
12.4320,4.6080,1,-9629.00
12.4350,4.6110,1,-9629.00
12.4390,4.6150,1,-9629.00
12.4420,4.6180,1,-9629.00
12.4450,4.6210,1,-11320.00
12.4480,4.6240,1,-11320.00
12.4510,4.6270,1,-11320.00
12.4540,4.6300,1,-9852.00
12.4580,4.6340,1,-9852.00
12.4610,4.6370,1,-9852.00
12.4640,4.6400,1,-9852.00
12.4670,4.6430,1,-9178.00
12.4700,4.6460,1,-9178.00
12.4730,4.6490,1,-9178.00
12.4930,4.6690,1,-10195.00
12.4990,4.6750,1,-10195.00
12.5030,4.6790,1,-9177.00
12.5070,4.6830,1,-9177.00
12.5110,4.6870,1,-9177.00
12.5150,4.6910,1,-11047.00
12.5190,4.6950,1,-11047.00
12.5230,4.6990,1,-10616.00
12.5270,4.7030,1,-10616.00
12.5310,4.7070,1,-10616.00
12.5350,4.7110,1,-8949.00
12.5390,4.7150,1,-8949.00
12.5430,4.7190,1,-8949.00
12.5470,4.7230,1,-10430.00
12.5510,4.7270,1,-10430.00
12.5550,4.7310,1,-10430.00
12.5590,4.7350,1,-10666.00
12.5630,4.7390,1,-10666.00
12.5670,4.7430,1,-10666.00
12.5710,4.7470,1,-8673.00
12.5760,4.7520,1,-8673.00
12.5800,4.7560,1,-9797.00
12.5840,4.7600,1,-9797.00
12.5890,4.7650,1,-9797.00
12.5930,4.7690,1,-10824.00
12.5970,4.7730,1,-10824.00
12.6020,4.7780,1,-10824.00
12.6060,4.7820,1,-9195.00
12.6100,4.7860,1,-9195.00
12.6150,4.7910,1,-9992.00
12.6190,4.7950,1,-9992.00
12.6240,4.8000,1,-9992.00
12.6280,4.8040,1,-11370.00
12.6320,4.8080,1,-11370.00
12.6370,4.8130,1,-11370.00
12.6410,4.8170,1,-9613.00
12.6450,4.8210,1,-9613.00
12.6500,4.8260,1,-9418.00
12.6540,4.8300,1,-9418.00
12.6590,4.8350,1,-9418.00
12.6630,4.8390,1,-11061.00
12.6680,4.8440,1,-11061.00
12.6720,4.8480,1,-9873.00
12.6770,4.8530,1,-9873.00
12.6820,4.8580,1,-9873.00
12.6860,4.8620,1,-9142.00
12.6910,4.8670,1,-9142.00
12.6950,4.8710,1,-10906.00
12.7000,4.8760,1,-10906.00
12.7050,4.8810,1,-10906.00
12.7090,4.8850,1,-10336.00
12.7140,4.8900,1,-10336.00
12.7180,4.8940,1,-9035.00
12.7230,4.8990,1,-9035.00
12.7270,4.9030,1,-9035.00
12.7320,4.9080,1,-10642.00
12.7370,4.9130,1,-10642.00
12.7410,4.9170,1,-10487.00
12.7460,4.9220,1,-10487.00
12.7510,4.9270,1,-8909.00
12.7560,4.9320,1,-8909.00
12.7610,4.9370,1,-8909.00
12.7810,4.9570,1,-10854.00
12.7890,4.9650,1,-9039.00
12.7940,4.9700,1,-9039.00
12.7990,4.9750,1,-10108.00
12.8030,4.9790,1,-10108.00
12.8080,4.9840,1,-11005.00
12.8130,4.9890,1,-11005.00
12.8170,4.9930,1,-11005.00
12.8220,4.9980,1,-9359.00
12.8270,5.0030,1,-9359.00
12.8320,5.0080,1,-9866.00
12.8360,5.0120,1,-9866.00
12.8410,5.0170,1,-9866.00
12.8460,5.0220,1,-11164.00
12.8510,5.0270,1,-11164.00
12.8560,5.0320,1,-9601.00
12.8610,5.0370,1,-9601.00
12.8660,5.0420,1,-9379.00
12.8700,5.0460,1,-9379.00
12.8750,5.0510,1,-9379.00
12.8800,5.0560,1,-11124.00
12.8850,5.0610,1,-11124.00
12.8900,5.0660,1,-9988.00
12.8950,5.0710,1,-9988.00
12.9000,5.0760,1,-9177.00
12.9050,5.0810,1,-9177.00
12.9100,5.0860,1,-9177.00
12.9150,5.0910,1,-10737.00
12.9200,5.0960,1,-10737.00
12.9250,5.1010,1,-10285.00
12.9300,5.1060,1,-10285.00
12.9350,5.1110,1,-9145.00
12.9400,5.1160,1,-9145.00
12.9450,5.1210,1,-10799.00
12.9500,5.1260,1,-10799.00
12.9550,5.1310,1,-10799.00
12.9600,5.1360,1,-10785.00
12.9660,5.1420,1,-10785.00
12.9710,5.1470,1,-9096.00
12.9760,5.1520,1,-9096.00
12.9810,5.1570,1,-10373.00
12.9860,5.1620,1,-10373.00
12.9920,5.1680,1,-10988.00
12.9970,5.1730,1,-10988.00
13.0020,5.1780,1,-10988.00
13.0070,5.1830,1,-9129.00
13.0120,5.1880,1,-9129.00
13.0170,5.1930,1,-10033.00
13.0230,5.1990,1,-10033.00
13.0280,5.2040,1,-11148.00
13.0330,5.2090,1,-11148.00
13.0380,5.2140,1,-9355.00
13.0440,5.2200,1,-9355.00
13.0490,5.2250,1,-9838.00
13.0550,5.2310,1,-9838.00
13.0600,5.2360,1,-11198.00
13.0650,5.2410,1,-11198.00
13.0710,5.2470,1,-9500.00
13.0760,5.2520,1,-9500.00
13.0820,5.2580,1,-9500.00
13.0870,5.2630,1,-9326.00
13.0920,5.2680,1,-9326.00
13.1140,5.2900,1,-10076.00
13.1210,5.2970,1,-9099.00
13.1260,5.3020,1,-9099.00
13.1320,5.3080,1,-10675.00
13.1370,5.3130,1,-10675.00
13.1420,5.3180,1,-10128.00
13.1480,5.3240,1,-10128.00
13.1530,5.3290,1,-8889.00
13.1590,5.3350,1,-8889.00
13.1640,5.3400,1,-10522.00
13.1700,5.3460,1,-10522.00
13.1750,5.3510,1,-10499.00
13.1810,5.3570,1,-10499.00
13.1870,5.3630,1,-8961.00
13.1920,5.3680,1,-8961.00
13.1980,5.3740,1,-10216.00
13.2030,5.3790,1,-10216.00
13.2090,5.3850,1,-10831.00
13.2150,5.3910,1,-10831.00
13.2200,5.3960,1,-9132.00
13.2260,5.4020,1,-9132.00
13.2310,5.4070,1,-10192.00
13.2370,5.4130,1,-10192.00
13.2420,5.4180,1,-11410.00
13.2480,5.4240,1,-11410.00
13.2540,5.4300,1,-9518.00
13.2590,5.4350,1,-9518.00
13.2650,5.4410,1,-9792.00
13.2710,5.4470,1,-9792.00
13.2770,5.4530,1,-11167.00
13.2830,5.4590,1,-11167.00
13.2890,5.4650,1,-9608.00
13.2940,5.4700,1,-9608.00
13.3000,5.4760,1,-9382.00
13.3060,5.4820,1,-9382.00
13.3120,5.4880,1,-11349.00
13.3180,5.4940,1,-11349.00
13.3230,5.4990,1,-10185.00
13.3290,5.5050,1,-10185.00
13.3350,5.5110,1,-9235.00
13.3410,5.5170,1,-9235.00
13.3470,5.5230,1,-10877.00
13.3530,5.5290,1,-10877.00
13.3580,5.5340,1,-10508.00
13.3640,5.5400,1,-10508.00
13.3700,5.5460,1,-9063.00
13.3760,5.5520,1,-9063.00
13.3820,5.5580,1,-10615.00
13.3880,5.5640,1,-10615.00
13.3950,5.5710,1,-10824.00
13.4010,5.5770,1,-10824.00
13.4070,5.5830,1,-8847.00
13.4130,5.5890,1,-8847.00
13.4190,5.5950,1,-10178.00
13.4250,5.6010,1,-10790.00
13.4310,5.6070,1,-10790.00
13.4370,5.6130,1,-9386.00
13.4430,5.6190,1,-9386.00
13.4490,5.6250,1,-10024.00
13.4550,5.6310,1,-10024.00
13.4610,5.6370,1,-10945.00
13.4670,5.6430,1,-10945.00
13.4900,5.6660,1,-9422.00
13.5000,5.6760,1,-10944.00
13.5060,5.6820,1,-8873.00
13.5120,5.6880,1,-8873.00
13.5180,5.6940,1,-7254.00
13.5250,5.7010,1,-7254.00
13.5310,5.7070,1,-9671.00
13.5370,5.7130,1,-9671.00
13.5430,5.7190,1,-8228.00
13.5500,5.7260,1,-8228.00
13.5560,5.7320,1,-7629.00
13.5620,5.7380,1,-10322.00
13.5680,5.7440,1,-10322.00
13.5750,5.7510,1,-10291.00
13.5810,5.7570,1,-10291.00
13.5870,5.7630,1,-9110.00
13.5930,5.7690,1,-9110.00
13.6000,5.7760,1,-10808.00
13.6060,5.7820,1,-10808.00
13.6120,5.7880,1,-11026.00
13.6190,5.7950,1,-9051.00
13.6250,5.8010,1,-9051.00
13.6320,5.8080,1,-10611.00
13.6380,5.8140,1,-10611.00
13.6450,5.8210,1,-11378.00
13.6510,5.8270,1,-11378.00
13.6570,5.8330,1,-9141.00
13.6640,5.8400,1,-9141.00
13.6700,5.8460,1,-9821.00
13.6770,5.8530,1,-11441.00
13.6830,5.8590,1,-11441.00
13.6900,5.8660,1,-9453.00
13.6960,5.8720,1,-9453.00
13.7030,5.8790,1,-9486.00
13.7090,5.8850,1,-9486.00
13.7160,5.8920,1,-11488.00
13.7220,5.8980,1,-9980.00
13.7290,5.9050,1,-9980.00
13.7350,5.9110,1,-8972.00
13.7420,5.9180,1,-8972.00
13.7490,5.9250,1,-11131.00
13.7550,5.9310,1,-9987.00
13.7620,5.9380,1,-9987.00
13.7690,5.9450,1,-8620.00
13.7750,5.9510,1,-8620.00
13.7820,5.9580,1,-10841.00
13.7890,5.9650,1,-10841.00
13.7960,5.9720,1,-10524.00
13.8020,5.9780,1,-8687.00
13.8090,5.9850,1,-8687.00
13.8160,5.9920,1,-10898.00
13.8220,5.9980,1,-10898.00
13.8290,6.0050,1,-11367.00
13.8360,6.0120,1,-9396.00
13.8430,6.0190,1,-9396.00
13.8490,6.0250,1,-10600.00
13.8560,6.0320,1,-10600.00
13.8620,6.0380,1,-11525.00
13.8690,6.0450,1,-11525.00
13.8760,6.0520,1,-9546.00
13.8830,6.0590,1,-9867.00
13.8900,6.0660,1,-9867.00
13.9140,6.0900,1,-9649.00
13.9230,6.0990,1,-9434.00
13.9300,6.1060,1,-11477.00
13.9360,6.1120,1,-11477.00
13.9420,6.1180,1,-10167.00
13.9490,6.1250,1,-10167.00
13.9550,6.1310,1,-9188.00
13.9620,6.1380,1,-11194.00
13.9680,6.1440,1,-11194.00
13.9750,6.1510,1,-10374.00
13.9810,6.1570,1,-10374.00
13.9880,6.1640,1,-8551.00
13.9940,6.1700,1,-8551.00
14.0010,6.1770,1,-10163.00
14.0070,6.1830,1,-9933.00
14.0140,6.1900,1,-9933.00
14.0210,6.1970,1,-8054.00
14.0280,6.2040,1,-8054.00
14.0340,6.2100,1,-10011.00
14.0410,6.2170,1,-10497.00
14.0480,6.2240,1,-10497.00
14.0540,6.2300,1,-8612.00
14.0610,6.2370,1,-8612.00
14.0680,6.2440,1,-9929.00
14.0750,6.2510,1,-9929.00
14.0810,6.2570,1,-11233.00
14.0880,6.2640,1,-9028.00
14.0950,6.2710,1,-9028.00
14.1010,6.2770,1,-9374.00
14.1080,6.2840,1,-9374.00
14.1150,6.2910,1,-11246.00
14.1220,6.2980,1,-9422.00
14.1280,6.3040,1,-9422.00
14.1310,6.3070,1,-9422.00
14.1340,6.3100,1,-9148.00
14.1370,6.3130,1,-9148.00
14.1400,6.3160,1,-9148.00
14.1440,6.3200,1,-11271.00
14.1470,6.3230,1,-11271.00
14.1500,6.3260,1,-11271.00
14.1530,6.3290,1,-11271.00
14.1560,6.3320,1,-9712.00
14.1590,6.3350,1,-9712.00
14.1620,6.3380,1,-9712.00
14.1660,6.3420,1,-9712.00
14.1690,6.3450,1,-8848.00
14.1720,6.3480,1,-8848.00
14.1750,6.3510,1,-8848.00
14.1780,6.3540,1,-11147.00
14.1810,6.3570,1,-11147.00
14.1850,6.3610,1,-11147.00
14.1890,6.3650,1,-11147.00
14.1930,6.3690,1,-10339.00
14.1960,6.3720,1,-10339.00
14.2000,6.3760,1,-10339.00
14.2040,6.3800,1,-8826.00
14.2080,6.3840,1,-8826.00
14.2120,6.3880,1,-8826.00
14.2150,6.3910,1,-10754.00
14.2190,6.3950,1,-10754.00
14.2230,6.3990,1,-10754.00
14.2270,6.4030,1,-10529.00
14.2460,6.4220,1,-10454.00
14.2520,6.4280,1,-10454.00
14.2560,6.4320,1,-10454.00
14.2600,6.4360,1,-11022.00
14.2640,6.4400,1,-11022.00
14.2680,6.4440,1,-11022.00
14.2720,6.4480,1,-8888.00
14.2760,6.4520,1,-8888.00
14.2800,6.4560,1,-10005.00
14.2850,6.4610,1,-10005.00
14.2890,6.4650,1,-10005.00
14.2930,6.4690,1,-11243.00
14.2980,6.4740,1,-11243.00
14.3020,6.4780,1,-11243.00
14.3060,6.4820,1,-9315.00
14.3110,6.4870,1,-9315.00
14.3150,6.4910,1,-9425.00
14.3190,6.4950,1,-9425.00
14.3230,6.4990,1,-9425.00
14.3280,6.5040,1,-11368.00
14.3320,6.5080,1,-11368.00
14.3360,6.5120,1,-11368.00
14.3410,6.5170,1,-9841.00
14.3450,6.5210,1,-9841.00
14.3490,6.5250,1,-9429.00
14.3540,6.5300,1,-9429.00
14.3580,6.5340,1,-9429.00
14.3620,6.5380,1,-11521.00
14.3670,6.5430,1,-11521.00
14.3720,6.5480,1,-11521.00
14.3760,6.5520,1,-10291.00
14.3810,6.5570,1,-10291.00
14.3850,6.5610,1,-9152.00
14.3900,6.5660,1,-9152.00
14.3940,6.5700,1,-9152.00
14.3990,6.5750,1,-11291.00
14.4030,6.5790,1,-11291.00
14.4080,6.5840,1,-10998.00
14.4120,6.5880,1,-10998.00
14.4170,6.5930,1,-10998.00
14.4210,6.5970,1,-8954.00
14.4260,6.6020,1,-8954.00
14.4310,6.6070,1,-10890.00
14.4350,6.6110,1,-10890.00
14.4400,6.6160,1,-10890.00
14.4440,6.6200,1,-11112.00
14.4490,6.6250,1,-11112.00
14.4540,6.6300,1,-8993.00
14.4590,6.6350,1,-8993.00
14.4630,6.6390,1,-10380.00
14.4680,6.6440,1,-10380.00
14.4730,6.6490,1,-10380.00
14.4780,6.6540,1,-11005.00
14.4820,6.6580,1,-11005.00
14.4870,6.6630,1,-8571.00
14.4920,6.6680,1,-8571.00
14.4970,6.6730,1,-8571.00
14.5020,6.6780,1,-9500.00
14.5060,6.6820,1,-9500.00
14.5110,6.6870,1,-11000.00
14.5160,6.6920,1,-11000.00
14.5210,6.6970,1,-8816.00
14.5410,6.7170,1,-9420.00
14.5490,6.7250,1,-11164.00
14.5540,6.7300,1,-11164.00
14.5590,6.7350,1,-9660.00
14.5640,6.7400,1,-9660.00
14.5690,6.7450,1,-9119.00
14.5740,6.7500,1,-9119.00
14.5790,6.7550,1,-11320.00
14.5830,6.7590,1,-11320.00
14.5880,6.7640,1,-11320.00
14.5930,6.7690,1,-10083.00
14.5980,6.7740,1,-10083.00
14.6030,6.7790,1,-8777.00
14.6080,6.7840,1,-8777.00
14.6130,6.7890,1,-11049.00
14.6180,6.7940,1,-11049.00
14.6230,6.7990,1,-11049.00
14.6280,6.8040,1,-10664.00
14.6330,6.8090,1,-10664.00
14.6370,6.8130,1,-8676.00
14.6430,6.8190,1,-8676.00
14.6480,6.8240,1,-10507.00
14.6530,6.8290,1,-10507.00
14.6580,6.8340,1,-10912.00
14.6630,6.8390,1,-10912.00
14.6680,6.8440,1,-10912.00
14.6730,6.8490,1,-8886.00
14.6790,6.8550,1,-8886.00
14.6840,6.8600,1,-10166.00
14.6890,6.8650,1,-10166.00
14.6940,6.8700,1,-11084.00
14.6990,6.8750,1,-11084.00
14.7040,6.8800,1,-8834.00
14.7090,6.8850,1,-8834.00
14.7150,6.8910,1,-9980.00
14.7200,6.8960,1,-9980.00
14.7250,6.9010,1,-9980.00
14.7300,6.9060,1,-11367.00
14.7350,6.9110,1,-11367.00
14.7400,6.9160,1,-9046.00
14.7460,6.9220,1,-9046.00
14.7510,6.9270,1,-9218.00
14.7570,6.9330,1,-9218.00
14.7620,6.9380,1,-11375.00
14.7670,6.9430,1,-11375.00
14.7730,6.9490,1,-9843.00
14.7780,6.9540,1,-9843.00
14.7840,6.9600,1,-9048.00
14.7890,6.9650,1,-9048.00
14.7940,6.9700,1,-11272.00
14.8000,6.9760,1,-11272.00
14.8050,6.9810,1,-11272.00
14.8100,6.9860,1,-9992.00
14.8160,6.9920,1,-9992.00
14.8210,6.9970,1,-8607.00
14.8270,7.0030,1,-8607.00
14.8320,7.0080,1,-10861.00
14.8370,7.0130,1,-10861.00
14.8430,7.0190,1,-10640.00
14.8490,7.0250,1,-10640.00
14.8540,7.0300,1,-8788.00
14.8600,7.0360,1,-8788.00
14.8820,7.0580,1,-11210.00
14.8900,7.0660,1,-9243.00
14.8960,7.0720,1,-9243.00
14.9010,7.0770,1,-10404.00
14.9070,7.0830,1,-10404.00
14.9120,7.0880,1,-11169.00
14.9180,7.0940,1,-11169.00
14.9230,7.0990,1,-8671.00
14.9290,7.1050,1,-8671.00
14.9340,7.1100,1,-9292.00
14.9400,7.1160,1,-9292.00
14.9450,7.1210,1,-11290.00
14.9510,7.1270,1,-11290.00
14.9560,7.1320,1,-9391.00
14.9620,7.1380,1,-9391.00
14.9680,7.1440,1,-9084.00
14.9740,7.1500,1,-9084.00
14.9790,7.1550,1,-11227.00
14.9850,7.1610,1,-11227.00
14.9910,7.1670,1,-9842.00
14.9970,7.1730,1,-9842.00
15.0020,7.1780,1,-9032.00
15.0080,7.1840,1,-9032.00
15.0140,7.1900,1,-11167.00
15.0200,7.1960,1,-11167.00
15.0250,7.2010,1,-10221.00
15.0310,7.2070,1,-10221.00
15.0370,7.2130,1,-8757.00
15.0430,7.2190,1,-8757.00
15.0480,7.2240,1,-10935.00
15.0540,7.2300,1,-10935.00
15.0600,7.2360,1,-10639.00
15.0650,7.2410,1,-10639.00
15.0710,7.2470,1,-8717.00
15.0770,7.2530,1,-8717.00
15.0830,7.2590,1,-10474.00
15.0890,7.2650,1,-10474.00
15.0950,7.2710,1,-10937.00
15.1010,7.2770,1,-10937.00
15.1070,7.2830,1,-8619.00
15.1130,7.2890,1,-8619.00
15.1190,7.2950,1,-9994.00
15.1250,7.3010,1,-11258.00
15.1310,7.3070,1,-11258.00
15.1370,7.3130,1,-9144.00
15.1430,7.3190,1,-9144.00
15.1490,7.3250,1,-9785.00
15.1550,7.3310,1,-9785.00
15.1610,7.3370,1,-11477.00
15.1670,7.3430,1,-11477.00
15.1730,7.3490,1,-9373.00
15.1790,7.3550,1,-9373.00
15.1850,7.3610,1,-9081.00
15.1920,7.3680,1,-9081.00
15.1980,7.3740,1,-11224.00
15.2040,7.3800,1,-11224.00
15.2100,7.3860,1,-9815.00
15.2170,7.3930,1,-8766.00
15.2230,7.3990,1,-8766.00
15.2290,7.4050,1,-11094.00
15.2350,7.4110,1,-11094.00
15.2410,7.4170,1,-10377.00
15.2640,7.4400,1,-10789.00
15.2730,7.4490,1,-10789.00
15.2790,7.4550,1,-11052.00
15.2850,7.4610,1,-8824.00
15.2920,7.4680,1,-8824.00
15.2980,7.4740,1,-10332.00
15.3040,7.4800,1,-10332.00
15.3100,7.4860,1,-11118.00
15.3170,7.4930,1,-11118.00
15.3230,7.4990,1,-8941.00
15.3300,7.5060,1,-8941.00
15.3360,7.5120,1,-10013.00
15.3430,7.5190,1,-11285.00
15.3490,7.5250,1,-11285.00
15.3560,7.5320,1,-8866.00
15.3620,7.5380,1,-8866.00
15.3690,7.5450,1,-9383.00
15.3750,7.5510,1,-9383.00
15.3820,7.5580,1,-11519.00
15.3880,7.5640,1,-9546.00
15.3950,7.5710,1,-9546.00
15.4010,7.5770,1,-9162.00
15.4080,7.5840,1,-9162.00
15.4140,7.5900,1,-11201.00
15.4210,7.5970,1,-11201.00
15.4270,7.6030,1,-9904.00
15.4340,7.6100,1,-8768.00
15.4410,7.6170,1,-8768.00
15.4470,7.6230,1,-11060.00
15.4540,7.6300,1,-11060.00
15.4610,7.6370,1,-10555.00
15.4680,7.6440,1,-8876.00
15.4740,7.6500,1,-8876.00
15.4810,7.6570,1,-10906.00
15.4880,7.6640,1,-10906.00
15.4940,7.6700,1,-10825.00
15.5010,7.6770,1,-10825.00
15.5080,7.6840,1,-8621.00
15.5150,7.6910,1,-10209.00
15.5210,7.6970,1,-10209.00
15.5280,7.7040,1,-11118.00
15.5350,7.7110,1,-11118.00
15.5420,7.7180,1,-8834.00
15.5480,7.7240,1,-9683.00
15.5550,7.7310,1,-9683.00
15.5620,7.7380,1,-11231.00
15.5690,7.7450,1,-11231.00
15.5760,7.7520,1,-9132.00
15.5830,7.7590,1,-9320.00
15.5900,7.7660,1,-9320.00
15.5970,7.7730,1,-11318.00
15.6040,7.7800,1,-11318.00
15.6110,7.7870,1,-9609.00
15.6180,7.7940,1,-8959.00
15.6250,7.8010,1,-8959.00
15.6320,7.8080,1,-11271.00
15.6390,7.8150,1,-11271.00
15.6450,7.8210,1,-10085.00
15.6520,7.8280,1,-8718.00
15.6590,7.8350,1,-8718.00
15.6660,7.8420,1,-11006.00
15.6730,7.8490,1,-10461.00
15.6970,7.8730,1,-10887.00
15.7070,7.8830,1,-10887.00
15.7140,7.8900,1,-10968.00
15.7210,7.8970,1,-8887.00
15.7280,7.9040,1,-8887.00
15.7350,7.9110,1,-10376.00
15.7420,7.9180,1,-11215.00
15.7490,7.9250,1,-11215.00
15.7560,7.9320,1,-8898.00
15.7630,7.9390,1,-8898.00
15.7700,7.9460,1,-9845.00
15.7780,7.9540,1,-11414.00
15.7850,7.9610,1,-11414.00
15.7920,7.9680,1,-9153.00
15.7990,7.9750,1,-9197.00
15.8060,7.9820,1,-9197.00
15.8130,7.9890,1,-11412.00
15.8200,7.9960,1,-11412.00
15.8270,8.0030,1,-9556.00
15.8420,8.0180,1,-8701.00
15.8450,8.0210,1,-11018.00
15.8480,8.0240,1,-11018.00
15.8520,8.0280,1,-11018.00
15.8550,8.0310,1,-11018.00
15.8580,8.0340,1,-9965.00
15.8610,8.0370,1,-9965.00
15.8640,8.0400,1,-9965.00
15.8680,8.0440,1,-8603.00
15.8710,8.0470,1,-8603.00
15.8740,8.0500,1,-8603.00
15.8770,8.0530,1,-8603.00
15.8810,8.0570,1,-10885.00
15.8840,8.0600,1,-10885.00
15.8870,8.0630,1,-10885.00
15.8900,8.0660,1,-10559.00
15.8930,8.0690,1,-10559.00
15.8970,8.0730,1,-10559.00
15.9000,8.0760,1,-10559.00
15.9230,8.0990,1,-10487.00
15.9340,8.1100,1,-10911.00
15.9380,8.1140,1,-8810.00
15.9410,8.1170,1,-8810.00
15.9450,8.1210,1,-8810.00
15.9490,8.1250,1,-10237.00
15.9530,8.1290,1,-10237.00
15.9570,8.1330,1,-10237.00
15.9610,8.1370,1,-11101.00
15.9650,8.1410,1,-11101.00
15.9690,8.1450,1,-11101.00
15.9730,8.1490,1,-8787.00
15.9760,8.1520,1,-8787.00
15.9800,8.1560,1,-8787.00
15.9840,8.1600,1,-9425.00
15.9880,8.1640,1,-9425.00
15.9920,8.1680,1,-9425.00
15.9960,8.1720,1,-11205.00
16.0000,8.1760,1,-11205.00
16.0040,8.1800,1,-11205.00
16.0100,8.1860,1,-9161.00
16.0140,8.1900,1,-9161.00
16.0190,8.1950,1,-9146.00
16.0300,8.2060,1,-11321.00
16.0410,8.2170,1,-9754.00
16.0530,8.2290,1,-8837.00
16.0610,8.2370,1,-8837.00
16.0700,8.2460,1,-11014.00
16.0750,8.2510,1,-10085.00
16.0790,8.2550,1,-10085.00
16.0830,8.2590,1,-10085.00
16.0880,8.2640,1,-8661.00
16.0920,8.2680,1,-8661.00
16.0960,8.2720,1,-11123.00
16.1010,8.2770,1,-11123.00
16.1050,8.2810,1,-11123.00
16.1090,8.2850,1,-10953.00
16.1130,8.2890,1,-10953.00
16.1180,8.2940,1,-10953.00
16.1220,8.2980,1,-8872.00
16.1270,8.3030,1,-8872.00
16.1310,8.3070,1,-10701.00
16.1360,8.3120,1,-10701.00
16.1410,8.3170,1,-10701.00
16.1450,8.3210,1,-11246.00
16.1500,8.3260,1,-11246.00
16.1540,8.3300,1,-8793.00
16.1590,8.3350,1,-8793.00
16.1630,8.3390,1,-8793.00
16.1680,8.3440,1,-9847.00
16.1720,8.3480,1,-9847.00
16.1770,8.3530,1,-11058.00
16.1810,8.3570,1,-11058.00
16.1860,8.3620,1,-11058.00
16.1900,8.3660,1,-8910.00
16.1950,8.3710,1,-8910.00
16.1990,8.3750,1,-9570.00
16.2070,8.3830,1,-9570.00
16.2160,8.3920,1,-11564.00
16.2210,8.3970,1,-9585.00
16.2260,8.4020,1,-9585.00
16.2310,8.4070,1,-9585.00
16.2350,8.4110,1,-9293.00
16.2400,8.4160,1,-9293.00
16.2450,8.4210,1,-11524.00
16.2500,8.4260,1,-11524.00
16.2540,8.4300,1,-11524.00
16.2590,8.4350,1,-10001.00
16.2640,8.4400,1,-10001.00
16.2690,8.4450,1,-8979.00
16.2730,8.4490,1,-8979.00
16.2780,8.4540,1,-11157.00
16.2830,8.4590,1,-11157.00
16.2880,8.4640,1,-11157.00
16.2920,8.4680,1,-10161.00
16.2970,8.4730,1,-10161.00
16.3020,8.4780,1,-8516.00
16.3070,8.4830,1,-8516.00
16.3120,8.4880,1,-10681.00
16.3170,8.4930,1,-10681.00
16.3220,8.4980,1,-10681.00
16.3270,8.5030,1,-10655.00
16.3320,8.5080,1,-10655.00
16.3370,8.5130,1,-8447.00
16.3420,8.5180,1,-8447.00
16.3540,8.5300,1,-10196.00
16.3650,8.5410,1,-11010.00
16.3780,8.5540,1,-8867.00
16.3830,8.5590,1,-9988.00
16.3930,8.5690,1,-11326.00
16.4030,8.5790,1,-11326.00
16.4080,8.5840,1,-9102.00
16.4140,8.5900,1,-9102.00
16.4190,8.5950,1,-9412.00
16.4240,8.6000,1,-9412.00
16.4290,8.6050,1,-11492.00
16.4350,8.6110,1,-11492.00
16.4400,8.6160,1,-9567.00
16.4460,8.6220,1,-9567.00
16.4510,8.6270,1,-8898.00
16.4560,8.6320,1,-8898.00
16.4620,8.6380,1,-11185.00
16.4670,8.6430,1,-11185.00
16.4720,8.6480,1,-10099.00
16.4780,8.6540,1,-10099.00
16.4830,8.6590,1,-10099.00
16.4890,8.6650,1,-9004.00
16.4940,8.6700,1,-9004.00
16.4990,8.6750,1,-11187.00
16.5050,8.6810,1,-11187.00
16.5100,8.6860,1,-10496.00
16.5160,8.6920,1,-10496.00
16.5210,8.6970,1,-8814.00
16.5260,8.7020,1,-8814.00
16.5320,8.7080,1,-10839.00
16.5380,8.7140,1,-10839.00
16.5430,8.7190,1,-10997.00
16.5490,8.7250,1,-10997.00
16.5540,8.7300,1,-8804.00
16.5600,8.7360,1,-8804.00
16.5680,8.7440,1,-10234.00
16.5790,8.7550,1,-11166.00
16.5840,8.7600,1,-11166.00
16.5900,8.7660,1,-8772.00
16.5960,8.7720,1,-8772.00
16.6010,8.7770,1,-9822.00
16.6070,8.7830,1,-9822.00
16.6120,8.7880,1,-11392.00
16.6180,8.7940,1,-11392.00
16.6240,8.8000,1,-9254.00
16.6290,8.8050,1,-9254.00
16.6350,8.8110,1,-9446.00
16.6410,8.8170,1,-9446.00
16.6470,8.8230,1,-11441.00
16.6530,8.8290,1,-11441.00
16.6580,8.8340,1,-9735.00
16.6640,8.8400,1,-9735.00
16.6700,8.8460,1,-9135.00
16.6760,8.8520,1,-9135.00
16.6820,8.8580,1,-11293.00
16.6880,8.8640,1,-11293.00
16.6940,8.8700,1,-10087.00
16.6990,8.8750,1,-10087.00
16.7050,8.8810,1,-8713.00
16.7110,8.8870,1,-8713.00
16.7170,8.8930,1,-11053.00
16.7230,8.8990,1,-11053.00
16.7360,8.9120,1,-8617.00
16.7470,8.9230,1,-10502.00
16.7590,8.9350,1,-10851.00
16.7660,8.9420,1,-10851.00
16.7720,8.9480,1,-8603.00
16.7830,8.9590,1,-10212.00
16.7950,8.9710,1,-11172.00
16.8010,8.9770,1,-11172.00
16.8070,8.9830,1,-8848.00
16.8130,8.9890,1,-8848.00
16.8190,8.9950,1,-9893.00
16.8250,9.0010,1,-9893.00
16.8310,9.0070,1,-11505.00
16.8370,9.0130,1,-11505.00
16.8430,9.0190,1,-9260.00
16.8490,9.0250,1,-9342.00
16.8550,9.0310,1,-9342.00
16.8610,9.0370,1,-11445.00
16.8670,9.0430,1,-11445.00
16.8730,9.0490,1,-9888.00
16.8790,9.0550,1,-9888.00
16.8850,9.0610,1,-11406.00
17.8910,10.0670,1,-8972.00
17.8970,10.0730,1,-8972.00
17.9030,10.0790,1,-9089.00
17.9100,10.0860,1,-9089.00
17.9160,10.0920,1,-11575.00
17.9220,10.0980,1,-9557.00
17.9280,10.1040,1,-9557.00
17.9350,10.1110,1,-8673.00
17.9410,10.1170,1,-8673.00
17.9470,10.1230,1,-11157.00
17.9530,10.1290,1,-11157.00
17.9600,10.1360,1,-10073.00
17.9660,10.1420,1,-10073.00
17.9720,10.1480,1,-8579.00
17.9810,10.1570,1,-10987.00
17.9920,10.1680,1,-10678.00
17.9990,10.1750,1,-10678.00
18.0050,10.1810,1,-8616.00
18.0110,10.1870,1,-8616.00
18.0180,10.1940,1,-10599.00
18.0240,10.2000,1,-10842.00
18.0310,10.2070,1,-10842.00
18.0370,10.2130,1,-8599.00
18.0440,10.2200,1,-8599.00
18.0500,10.2260,1,-10204.00
18.0570,10.2330,1,-10204.00
18.0630,10.2390,1,-11328.00
18.0700,10.2460,1,-11328.00
18.0760,10.2520,1,-8927.00
18.0830,10.2590,1,-9648.00
18.0890,10.2650,1,-9648.00
18.0960,10.2720,1,-11636.00
18.1020,10.2780,1,-11636.00
18.1090,10.2850,1,-9432.00
18.1150,10.2910,1,-9432.00
18.1220,10.2980,1,-9035.00
18.1290,10.3050,1,-11025.00
18.1350,10.3110,1,-11025.00
18.1420,10.3180,1,-9601.00
18.1490,10.3250,1,-9601.00
18.1630,10.3390,1,-11218.00
18.1740,10.3500,1,-10001.00
18.1870,10.3630,1,-8526.00
18.1940,10.3700,1,-8526.00
18.2010,10.3770,1,-10915.00
18.2070,10.3830,1,-10635.00
18.2180,10.3940,1,-10635.00
18.2300,10.4060,1,-10352.00
18.2360,10.4120,1,-10352.00
18.2430,10.4190,1,-10953.00
18.2500,10.4260,1,-10953.00
18.2560,10.4320,1,-8748.00
18.2630,10.4390,1,-8748.00
18.2690,10.4450,1,-10027.00
18.2760,10.4520,1,-11353.00
18.2830,10.4590,1,-11353.00
18.2900,10.4660,1,-9031.00
18.2970,10.4730,1,-9031.00
18.3030,10.4790,1,-9477.00
18.3100,10.4860,1,-11397.00
18.3170,10.4930,1,-11397.00
18.3240,10.5000,1,-9533.00
18.3310,10.5070,1,-9533.00
18.3370,10.5130,1,-9101.00
18.3440,10.5200,1,-11131.00
18.3510,10.5270,1,-11131.00
18.3580,10.5340,1,-9821.00
18.3650,10.5410,1,-9821.00
18.3710,10.5470,1,-8762.00
18.3780,10.5540,1,-8762.00
18.3850,10.5610,1,-11166.00
18.3920,10.5680,1,-10406.00
18.3990,10.5750,1,-10406.00
18.4060,10.5820,1,-8577.00
18.4130,10.5890,1,-10446.00
18.4200,10.5960,1,-10446.00
18.4270,10.6030,1,-10494.00
18.4370,10.6130,1,-8480.00
18.4490,10.6250,1,-10232.00
18.4560,10.6320,1,-10232.00
18.4630,10.6390,1,-10975.00
18.4700,10.6460,1,-8709.00
18.4770,10.6530,1,-8709.00
18.4840,10.6600,1,-9677.00
18.4910,10.6670,1,-9677.00
18.4980,10.6740,1,-11106.00
18.5050,10.6810,1,-9134.00
18.5120,10.6880,1,-9134.00
18.5190,10.6950,1,-9618.00
18.5260,10.7020,1,-9618.00
18.5330,10.7090,1,-11320.00
18.5410,10.7170,1,-9480.00
18.5480,10.7240,1,-9480.00
18.5550,10.7310,1,-9248.00
18.5620,10.7380,1,-11175.00
18.5700,10.7460,1,-11175.00
18.5770,10.7530,1,-9649.00
18.5840,10.7600,1,-8709.00
18.5920,10.7680,1,-8709.00
18.5990,10.7750,1,-11018.00
18.6060,10.7820,1,-11018.00
18.6130,10.7890,1,-10295.00
18.6280,10.8040,1,-8392.00
18.6400,10.8160,1,-10468.00
18.6540,10.8300,1,-8921.00
18.6610,10.8370,1,-8921.00
18.6670,10.8430,1,-10484.00
18.6700,10.8460,1,-10484.00
18.6730,10.8490,1,-10484.00
18.6770,10.8530,1,-11372.00
18.6800,10.8560,1,-11372.00
18.6830,10.8590,1,-11372.00
18.6860,10.8620,1,-11372.00
18.6890,10.8650,1,-9020.00
18.6920,10.8680,1,-9020.00
18.6960,10.8720,1,-9020.00
18.6990,10.8750,1,-10044.00
18.7020,10.8780,1,-10044.00
18.7050,10.8810,1,-10044.00
18.7080,10.8840,1,-10044.00
18.7110,10.8870,1,-11481.00
18.7150,10.8910,1,-11481.00
18.7180,10.8940,1,-11481.00
18.7210,10.8970,1,-9105.00
18.7250,10.9010,1,-9105.00
18.7290,10.9050,1,-9105.00
18.7330,10.9090,1,-9525.00
18.7370,10.9130,1,-9525.00
18.7400,10.9160,1,-9525.00
18.7440,10.9200,1,-11510.00
18.7480,10.9240,1,-11510.00
18.7520,10.9280,1,-11510.00
18.7550,10.9310,1,-9591.00
18.7590,10.9350,1,-9591.00
18.7630,10.9390,1,-9591.00
18.7670,10.9430,1,-8907.00
18.7710,10.9470,1,-8907.00
18.7740,10.9500,1,-8907.00
18.7780,10.9540,1,-11168.00
18.7820,10.9580,1,-11168.00
18.7860,10.9620,1,-11168.00
18.7900,10.9660,1,-10028.00
18.7930,10.9690,1,-10028.00
18.7980,10.9740,1,-10028.00
18.8020,10.9780,1,-9017.00
18.8060,10.9820,1,-9017.00
18.8100,10.9860,1,-9017.00
18.8140,10.9900,1,-11150.00
18.8190,10.9950,1,-11150.00
18.8230,10.9990,1,-11150.00
18.8270,11.0030,1,-10632.00
18.8310,11.0070,1,-10632.00
18.8350,11.0110,1,-8865.00
18.8400,11.0160,1,-8865.00
18.8440,11.0200,1,-8865.00
18.8480,11.0240,1,-10661.00
18.8520,11.0280,1,-10661.00
18.8560,11.0320,1,-10661.00
18.8610,11.0370,1,-10848.00
18.8650,11.0410,1,-10848.00
18.8690,11.0450,1,-8798.00
18.8730,11.0490,1,-8798.00
18.8780,11.0540,1,-8798.00
18.8820,11.0580,1,-10010.00
18.8960,11.0720,1,-10966.00
18.9080,11.0840,1,-8967.00
18.9140,11.0900,1,-8967.00
18.9180,11.0940,1,-9661.00
18.9230,11.0990,1,-9661.00
18.9280,11.1040,1,-11195.00
18.9320,11.1080,1,-11195.00
18.9370,11.1130,1,-11195.00
18.9410,11.1170,1,-9206.00
18.9460,11.1220,1,-9206.00
18.9500,11.1260,1,-9154.00
18.9550,11.1310,1,-9154.00
18.9590,11.1350,1,-9154.00
18.9640,11.1400,1,-11196.00
18.9680,11.1440,1,-11196.00
18.9730,11.1490,1,-9846.00
18.9780,11.1540,1,-9846.00
18.9830,11.1590,1,-9846.00
18.9870,11.1630,1,-9355.00
18.9920,11.1680,1,-9355.00
18.9970,11.1730,1,-11657.00
19.0020,11.1780,1,-11657.00
19.0060,11.1820,1,-10218.00
19.0110,11.1870,1,-10218.00
19.0160,11.1920,1,-10218.00
19.0210,11.1970,1,-9043.00
19.0260,11.2020,1,-9043.00
19.0300,11.2060,1,-11005.00
19.0350,11.2110,1,-11005.00
19.0400,11.2160,1,-11005.00
19.0450,11.2210,1,-10936.00
19.0490,11.2250,1,-10936.00
19.0540,11.2300,1,-9067.00
19.0590,11.2350,1,-9067.00
19.0640,11.2400,1,-10809.00
19.0690,11.2450,1,-10809.00
19.0740,11.2500,1,-10809.00
19.0790,11.2550,1,-11191.00
19.0840,11.2600,1,-11191.00
19.0890,11.2650,1,-9106.00
19.0940,11.2700,1,-9106.00
19.0990,11.2750,1,-10296.00
19.1040,11.2800,1,-10296.00
19.1090,11.2850,1,-11174.00
19.1140,11.2900,1,-11174.00
19.1190,11.2950,1,-11174.00
19.1240,11.3000,1,-8996.00
19.1290,11.3050,1,-8996.00
19.1340,11.3100,1,-9710.00
19.1390,11.3150,1,-9710.00
19.1440,11.3200,1,-11405.00
19.1490,11.3250,1,-11405.00
19.1540,11.3300,1,-9560.00
19.1600,11.3360,1,-9560.00
19.1650,11.3410,1,-9560.00
19.1700,11.3460,1,-9429.00
19.1750,11.3510,1,-9429.00
19.1810,11.3570,1,-11458.00
19.1860,11.3620,1,-11458.00
19.1910,11.3670,1,-9860.00
19.1960,11.3720,1,-9860.00
19.2010,11.3770,1,-9013.00
19.2160,11.3920,1,-11079.00
19.2270,11.4030,1,-10221.00
19.2340,11.4100,1,-10221.00
19.2390,11.4150,1,-8841.00
19.2440,11.4200,1,-8841.00
19.2490,11.4250,1,-10823.00
19.2550,11.4310,1,-10823.00
19.2600,11.4360,1,-10714.00
19.2660,11.4420,1,-10714.00
19.2710,11.4470,1,-8694.00
19.2770,11.4530,1,-8694.00
19.2820,11.4580,1,-10281.00
19.2880,11.4640,1,-10281.00
19.2930,11.4690,1,-10925.00
19.2990,11.4750,1,-10925.00
19.3040,11.4800,1,-8813.00
19.3100,11.4860,1,-8813.00
19.3150,11.4910,1,-10034.00
19.3210,11.4970,1,-10034.00
19.3260,11.5020,1,-11297.00
19.3320,11.5080,1,-11297.00
19.3370,11.5130,1,-9186.00
19.3430,11.5190,1,-9186.00
19.3490,11.5250,1,-9681.00
19.3540,11.5300,1,-9681.00
19.3600,11.5360,1,-9681.00
19.3650,11.5410,1,-11580.00
19.3710,11.5470,1,-9670.00
19.3770,11.5530,1,-9670.00
19.3830,11.5590,1,-9433.00
19.3890,11.5650,1,-9433.00
19.3940,11.5700,1,-11473.00
19.4000,11.5760,1,-11473.00
19.4060,11.5820,1,-10006.00
19.4120,11.5880,1,-10006.00
19.4170,11.5930,1,-9061.00
19.4230,11.5990,1,-9061.00
19.4290,11.6050,1,-11220.00
19.4350,11.6110,1,-11220.00
19.4400,11.6160,1,-10355.00
19.4460,11.6220,1,-10355.00
19.4520,11.6280,1,-8801.00
19.4580,11.6340,1,-8801.00
19.4630,11.6390,1,-10810.00
19.4690,11.6450,1,-10810.00
19.4750,11.6510,1,-10653.00
19.4810,11.6570,1,-10653.00
19.4870,11.6630,1,-8661.00
19.4930,11.6690,1,-8661.00
19.4990,11.6750,1,-10422.00
19.5050,11.6810,1,-10422.00
19.5110,11.6870,1,-11321.00
19.5170,11.6930,1,-11321.00
19.5230,11.6990,1,-8976.00
19.5290,11.7050,1,-8976.00
19.5350,11.7110,1,-9796.00
19.5410,11.7170,1,-9796.00
19.5470,11.7230,1,-11325.00
19.5530,11.7290,1,-11325.00
19.5590,11.7350,1,-9173.00
19.5650,11.7410,1,-9173.00
19.5710,11.7470,1,-9442.00
19.5870,11.7630,1,-11489.00
19.6000,11.7760,1,-8905.00
19.6070,11.7830,1,-8905.00
19.6130,11.7890,1,-10921.00
19.6190,11.7950,1,-10921.00
19.6250,11.8010,1,-9944.00
19.6310,11.8070,1,-9944.00
19.6370,11.8130,1,-8948.00
19.6430,11.8190,1,-8948.00
19.6490,11.8250,1,-11130.00
19.6550,11.8310,1,-11130.00
19.6610,11.8370,1,-10537.00
19.6670,11.8430,1,-10537.00
19.6730,11.8490,1,-8746.00
19.6790,11.8550,1,-8746.00
19.6850,11.8610,1,-10746.00
19.6910,11.8670,1,-10746.00
19.6970,11.8730,1,-11052.00
19.7030,11.8790,1,-8853.00
19.7090,11.8850,1,-8853.00
19.7150,11.8910,1,-10161.00
19.7220,11.8980,1,-10161.00
19.7280,11.9040,1,-10986.00
19.7340,11.9100,1,-10986.00
19.7400,11.9160,1,-8853.00
19.7460,11.9220,1,-8853.00
19.7530,11.9290,1,-9627.00
19.7590,11.9350,1,-9627.00
19.7650,11.9410,1,-11003.00
19.7710,11.9470,1,-9016.00
19.7780,11.9540,1,-9016.00
19.7840,11.9600,1,-9358.00
19.7900,11.9660,1,-9358.00
19.7960,11.9720,1,-11325.00
19.8020,11.9780,1,-11325.00
19.8090,11.9850,1,-9715.00
19.8150,11.9910,1,-9715.00
19.8220,11.9980,1,-9064.00
19.8280,12.0040,1,-11315.00
19.8350,12.0110,1,-11315.00
19.8410,12.0170,1,-10245.00
19.8470,12.0230,1,-10245.00
19.8540,12.0300,1,-8969.00
19.8600,12.0360,1,-8969.00
19.8670,12.0430,1,-11195.00
19.8730,12.0490,1,-11195.00
19.8800,12.0560,1,-10648.00
19.8860,12.0620,1,-8715.00
19.8920,12.0680,1,-8715.00
19.8990,12.0750,1,-10566.00
19.9050,12.0810,1,-10566.00
19.9120,12.0880,1,-10844.00
19.9180,12.0940,1,-10844.00
19.9250,12.1010,1,-8725.00
19.9320,12.1080,1,-10135.00
19.9380,12.1140,1,-10135.00
19.9450,12.1210,1,-11177.00
19.9520,12.1280,1,-11177.00
19.9580,12.1340,1,-9063.00
19.9650,12.1410,1,-9872.00
19.9720,12.1480,1,-9872.00
19.9780,12.1540,1,-11278.00
19.9940,12.1700,1,-9314.00
20.0080,12.1840,1,-9323.00
20.0140,12.1900,1,-11415.00
20.0210,12.1970,1,-11415.00
20.0270,12.2030,1,-9605.00
20.0330,12.2090,1,-8793.00
20.0390,12.2150,1,-8793.00
20.0460,12.2220,1,-10999.00
20.0520,12.2280,1,-10999.00
20.0580,12.2340,1,-10172.00
20.0650,12.2410,1,-10172.00
20.0710,12.2470,1,-8571.00
20.0780,12.2540,1,-8571.00
20.0840,12.2600,1,-10642.00
20.0910,12.2670,1,-10562.00
20.0970,12.2730,1,-10562.00
20.1040,12.2800,1,-8582.00
20.1100,12.2860,1,-8582.00
20.1170,12.2930,1,-10477.00
20.1230,12.2990,1,-10477.00
20.1300,12.3060,1,-11091.00
20.1360,12.3120,1,-8845.00
20.1430,12.3190,1,-8845.00
20.1490,12.3250,1,-10015.00
20.1560,12.3320,1,-10015.00
20.1620,12.3380,1,-11198.00
20.1690,12.3450,1,-11198.00
20.1760,12.3520,1,-9127.00
20.1820,12.3580,1,-9595.00
20.1890,12.3650,1,-9595.00
20.1960,12.3720,1,-11336.00
20.2020,12.3780,1,-11336.00
20.2090,12.3850,1,-9580.00
20.2160,12.3920,1,-9289.00
20.2230,12.3990,1,-9289.00
20.2290,12.4050,1,-11385.00
20.2360,12.4120,1,-11385.00
20.2430,12.4190,1,-9923.00
20.2490,12.4250,1,-9923.00
20.2560,12.4320,1,-8832.00
20.2630,12.4390,1,-11089.00
20.2700,12.4460,1,-11089.00
20.2760,12.4520,1,-10288.00
20.2820,12.4580,1,-10288.00
20.2860,12.4620,1,-8907.00
20.2890,12.4650,1,-8907.00
20.2920,12.4680,1,-8907.00
20.2950,12.4710,1,-8907.00
20.2980,12.4740,1,-10796.00
20.3020,12.4780,1,-10796.00
20.3050,12.4810,1,-10796.00
20.3080,12.4840,1,-10592.00
20.3110,12.4870,1,-10592.00
20.3140,12.4900,1,-10592.00
20.3170,12.4930,1,-10592.00
20.3210,12.4970,1,-8648.00
20.3240,12.5000,1,-8648.00
20.3270,12.5030,1,-8648.00
20.3300,12.5060,1,-10334.00
20.3330,12.5090,1,-10334.00
20.3360,12.5120,1,-10334.00
20.3410,12.5170,1,-10334.00
20.3540,12.5300,1,-8909.00
20.3660,12.5420,1,-9955.00
20.3700,12.5460,1,-9955.00
20.3740,12.5500,1,-9955.00
20.3780,12.5540,1,-11441.00
20.3820,12.5580,1,-11441.00
20.3860,12.5620,1,-11441.00
20.3900,12.5660,1,-9220.00
20.3930,12.5690,1,-9220.00
20.3970,12.5730,1,-9220.00
20.4010,12.5770,1,-9524.00
20.4050,12.5810,1,-9524.00
20.4090,12.5850,1,-9524.00
20.4130,12.5890,1,-11288.00
20.4170,12.5930,1,-11288.00
20.4210,12.5970,1,-11288.00
20.4250,12.6010,1,-9607.00
20.4290,12.6050,1,-9607.00
20.4340,12.6100,1,-9204.00
20.4380,12.6140,1,-9204.00
20.4420,12.6180,1,-9204.00
20.4470,12.6230,1,-11269.00
20.4510,12.6270,1,-11269.00
20.4550,12.6310,1,-11269.00
20.4600,12.6360,1,-9965.00
20.4640,12.6400,1,-9965.00
20.4680,12.6440,1,-9043.00
20.4730,12.6490,1,-9043.00
20.4770,12.6530,1,-9043.00
20.4810,12.6570,1,-11223.00
20.4860,12.6620,1,-11223.00
20.4900,12.6660,1,-10387.00
20.4950,12.6710,1,-10387.00
20.4990,12.6750,1,-10387.00
20.5030,12.6790,1,-8661.00
20.5080,12.6840,1,-8661.00
20.5120,12.6880,1,-8661.00
20.5170,12.6930,1,-10790.00
20.5210,12.6970,1,-10790.00
20.5260,12.7020,1,-10670.00
20.5300,12.7060,1,-10670.00
20.5350,12.7110,1,-10670.00
20.5390,12.7150,1,-8454.00
20.5440,12.7200,1,-8454.00
20.5490,12.7250,1,-10126.00
20.5530,12.7290,1,-10126.00
20.5580,12.7340,1,-10126.00
20.5620,12.7380,1,-11062.00
20.5670,12.7430,1,-11062.00
20.5710,12.7470,1,-8894.00
20.5760,12.7520,1,-8894.00
20.5800,12.7560,1,-8894.00
20.5850,12.7610,1,-9749.00
20.5900,12.7660,1,-9749.00
20.5940,12.7700,1,-11278.00
20.5990,12.7750,1,-11278.00
20.6040,12.7800,1,-9219.00
20.6090,12.7850,1,-9219.00
20.6130,12.7890,1,-9219.00
20.6180,12.7940,1,-9450.00
20.6230,12.7990,1,-9450.00
20.6280,12.8040,1,-11307.00
20.6420,12.8180,1,-9522.00
20.6550,12.8310,1,-9076.00
20.6600,12.8360,1,-9076.00
20.6650,12.8410,1,-11135.00
20.6700,12.8460,1,-11135.00
20.6750,12.8510,1,-10028.00
20.6800,12.8560,1,-10028.00
20.6850,12.8610,1,-9015.00
20.6890,12.8650,1,-9015.00
20.6940,12.8700,1,-9015.00
20.6990,12.8750,1,-11284.00
20.7040,12.8800,1,-11284.00
20.7090,12.8850,1,-10711.00
20.7150,12.8910,1,-10711.00
20.7200,12.8960,1,-8817.00
20.7250,12.9010,1,-8817.00
20.7300,12.9060,1,-10787.00
20.7350,12.9110,1,-10787.00
20.7400,12.9160,1,-10787.00
20.7450,12.9210,1,-11057.00
20.7500,12.9260,1,-11057.00
20.7550,12.9310,1,-8707.00
20.7600,12.9360,1,-8707.00
20.7650,12.9410,1,-10022.00
20.7700,12.9460,1,-10022.00
20.7750,12.9510,1,-10936.00
20.7800,12.9560,1,-10936.00
20.7860,12.9620,1,-10936.00
20.7910,12.9670,1,-8880.00
20.7960,12.9720,1,-8880.00
20.8010,12.9770,1,-9855.00
20.8070,12.9830,1,-9855.00
20.8120,12.9880,1,-11254.00
20.8170,12.9930,1,-11254.00
20.8230,12.9990,1,-9022.00
20.8280,13.0040,1,-9022.00
20.8330,13.0090,1,-9343.00
20.8390,13.0150,1,-9343.00
20.8440,13.0200,1,-11336.00
20.8490,13.0250,1,-11336.00
20.8540,13.0300,1,-11336.00
20.8600,13.0360,1,-9607.00
20.8650,13.0410,1,-9607.00
20.8700,13.0460,1,-9188.00
20.8760,13.0520,1,-9188.00
20.8810,13.0570,1,-11331.00
20.8860,13.0620,1,-11331.00
20.8920,13.0680,1,-9960.00
20.8970,13.0730,1,-9960.00
20.9030,13.0790,1,-8844.00
20.9090,13.0850,1,-8844.00
20.9140,13.0900,1,-11193.00
20.9200,13.0960,1,-11193.00
20.9250,13.1010,1,-10634.00
20.9310,13.1070,1,-10634.00
20.9360,13.1120,1,-8591.00
20.9420,13.1180,1,-8591.00
20.9470,13.1230,1,-10458.00
20.9530,13.1290,1,-10458.00
20.9580,13.1340,1,-10900.00
20.9640,13.1400,1,-10900.00
20.9690,13.1450,1,-8738.00
20.9840,13.1600,1,-9858.00
20.9970,13.1730,1,-11046.00
21.0030,13.1790,1,-11046.00
21.0080,13.1840,1,-9100.00
21.0140,13.1900,1,-9100.00
21.0200,13.1960,1,-9701.00
21.0250,13.2010,1,-9701.00
21.0310,13.2070,1,-11348.00
21.0360,13.2120,1,-11348.00
21.0420,13.2180,1,-9476.00
21.0470,13.2230,1,-9476.00
21.0530,13.2290,1,-9311.00
21.0590,13.2350,1,-9311.00
21.0640,13.2400,1,-11284.00
21.0700,13.2460,1,-11284.00
21.0750,13.2510,1,-9856.00
21.0810,13.2570,1,-9856.00
21.0860,13.2620,1,-9016.00
21.0920,13.2680,1,-9016.00
21.0980,13.2740,1,-11166.00
21.1030,13.2790,1,-11166.00
21.1090,13.2850,1,-10297.00
21.1150,13.2910,1,-10297.00
21.1210,13.2970,1,-8854.00
21.1270,13.3030,1,-8854.00
21.1320,13.3080,1,-10808.00
21.1380,13.3140,1,-10808.00
21.1440,13.3200,1,-10570.00
21.1500,13.3260,1,-10570.00
21.1560,13.3320,1,-8552.00
21.1610,13.3370,1,-8552.00
21.1670,13.3430,1,-10407.00
21.1730,13.3490,1,-10407.00
21.1790,13.3550,1,-10948.00
21.1850,13.3610,1,-10948.00
21.1910,13.3670,1,-8833.00
21.1960,13.3720,1,-8833.00
21.2020,13.3780,1,-10093.00
21.2080,13.3840,1,-10093.00
21.2140,13.3900,1,-11214.00
21.2200,13.3960,1,-11214.00
21.2260,13.4020,1,-9031.00
21.2320,13.4080,1,-9564.00
21.2380,13.4140,1,-9564.00
21.2440,13.4200,1,-11182.00
21.2500,13.4260,1,-11182.00
21.2560,13.4320,1,-9293.00
21.2620,13.4380,1,-9293.00
21.2690,13.4450,1,-9379.00
21.2750,13.4510,1,-9379.00
21.2810,13.4570,1,-11411.00
21.2870,13.4630,1,-11411.00
21.2930,13.4690,1,-9830.00
21.2990,13.4750,1,-9830.00
21.3050,13.4810,1,-8618.00
21.3110,13.4870,1,-8618.00
21.3170,13.4930,1,-10825.00
21.3230,13.4990,1,-10036.00
21.3300,13.5060,1,-10036.00
21.3360,13.5120,1,-8442.00
21.3420,13.5180,1,-8442.00
21.3480,13.5240,1,-10840.00
21.3640,13.5400,1,-10727.00
21.3770,13.5530,1,-8670.00
21.3840,13.5600,1,-10531.00
21.3890,13.5650,1,-10531.00
21.3950,13.5710,1,-11338.00
21.4010,13.5770,1,-11338.00
21.4070,13.5830,1,-9237.00
21.4130,13.5890,1,-9237.00
21.4180,13.5940,1,-10194.00
21.4240,13.6000,1,-10194.00
21.4300,13.6060,1,-11566.00
21.4360,13.6120,1,-11566.00
21.4420,13.6180,1,-9270.00
21.4480,13.6240,1,-9270.00
21.4540,13.6300,1,-9354.00
21.4600,13.6360,1,-11106.00
21.4660,13.6420,1,-11106.00
21.4720,13.6480,1,-9539.00
21.4780,13.6540,1,-9539.00
21.4840,13.6600,1,-9069.00
21.4900,13.6660,1,-9069.00
21.4960,13.6720,1,-11085.00
21.5020,13.6780,1,-11085.00
21.5080,13.6840,1,-9735.00
21.5140,13.6900,1,-9735.00
21.5200,13.6960,1,-8714.00
21.5260,13.7020,1,-8714.00
21.5320,13.7080,1,-11138.00
21.5380,13.7140,1,-11138.00
21.5440,13.7200,1,-10535.00
21.5510,13.7270,1,-10535.00
21.5570,13.7330,1,-8695.00
21.5630,13.7390,1,-10750.00
21.5700,13.7460,1,-10750.00
21.5760,13.7520,1,-10902.00
21.5820,13.7580,1,-10902.00
21.5880,13.7640,1,-8721.00
21.5950,13.7710,1,-8721.00
21.6010,13.7770,1,-10412.00
21.6070,13.7830,1,-10412.00
21.6130,13.7890,1,-11301.00
21.6200,13.7960,1,-11301.00
21.6260,13.8020,1,-9048.00
21.6320,13.8080,1,-9855.00
21.6390,13.8150,1,-9855.00
21.6450,13.8210,1,-11207.00
21.6510,13.8270,1,-11207.00
21.6570,13.8330,1,-9068.00
21.6640,13.8400,1,-9068.00
21.6700,13.8460,1,-9323.00
21.6770,13.8530,1,-9323.00
21.6830,13.8590,1,-11187.00
21.6900,13.8660,1,-9320.00
21.6960,13.8720,1,-9320.00
21.7030,13.8790,1,-8781.00
21.7090,13.8850,1,-8781.00
21.7160,13.8920,1,-11259.00
21.7220,13.8980,1,-11259.00
21.7290,13.9050,1,-10124.00
21.7350,13.9110,1,-8846.00
21.7420,13.9180,1,-8846.00
21.7480,13.9240,1,-11025.00
21.7640,13.9400,1,-10656.00
21.7770,13.9530,1,-8821.00
21.7840,13.9600,1,-10600.00
21.7900,13.9660,1,-10600.00
21.7970,13.9730,1,-10981.00
21.8040,13.9800,1,-8862.00
21.8110,13.9870,1,-8862.00
21.8170,13.9930,1,-10152.00
21.8240,14.0000,1,-10152.00
21.8310,14.0070,1,-11121.00
21.8370,14.0130,1,-9051.00
21.8440,14.0200,1,-9051.00
21.8510,14.0270,1,-9824.00
21.8570,14.0330,1,-9824.00
21.8640,14.0400,1,-11382.00
21.8710,14.0470,1,-11382.00
21.8770,14.0530,1,-9420.00
21.8840,14.0600,1,-9432.00
21.8910,14.0670,1,-9432.00
21.8970,14.0730,1,-11435.00
21.9040,14.0800,1,-11435.00
21.9100,14.0860,1,-9670.00
21.9140,14.0900,1,-9670.00
21.9170,14.0930,1,-8842.00
21.9200,14.0960,1,-8842.00
21.9230,14.0990,1,-8842.00
21.9260,14.1020,1,-8842.00
21.9290,14.1050,1,-11200.00
21.9320,14.1080,1,-11200.00
21.9360,14.1120,1,-11200.00
21.9390,14.1150,1,-11200.00
21.9420,14.1180,1,-10043.00
21.9450,14.1210,1,-10043.00
21.9480,14.1240,1,-10043.00
21.9510,14.1270,1,-8547.00
21.9550,14.1310,1,-8547.00
21.9580,14.1340,1,-8547.00
21.9610,14.1370,1,-8547.00
21.9640,14.1400,1,-10848.00
21.9680,14.1440,1,-10848.00
21.9720,14.1480,1,-10848.00
21.9760,14.1520,1,-10605.00
21.9800,14.1560,1,-10605.00
21.9830,14.1590,1,-10605.00
21.9870,14.1630,1,-8468.00
21.9910,14.1670,1,-8468.00
21.9950,14.1710,1,-8468.00
21.9980,14.1740,1,-10331.00
22.0020,14.1780,1,-10331.00
22.0060,14.1820,1,-10331.00
22.0100,14.1860,1,-10679.00
22.0130,14.1890,1,-10679.00
22.0170,14.1930,1,-10679.00
22.0210,14.1970,1,-8534.00
22.0250,14.2010,1,-8534.00
22.0290,14.2050,1,-8534.00
22.0320,14.2080,1,-9754.00
22.0360,14.2120,1,-9754.00
22.0400,14.2160,1,-9754.00
22.0440,14.2200,1,-10868.00
22.0480,14.2240,1,-10868.00
22.0530,14.2290,1,-10868.00
22.0660,14.2420,1,-9611.00
22.0770,14.2530,1,-11234.00
22.0820,14.2580,1,-11234.00
22.0880,14.2640,1,-11234.00
22.0920,14.2680,1,-9222.00
22.0960,14.2720,1,-9222.00
22.1010,14.2770,1,-9272.00
22.1050,14.2810,1,-9272.00
22.1090,14.2850,1,-9272.00
22.1130,14.2890,1,-11691.00
22.1180,14.2940,1,-11691.00
22.1220,14.2980,1,-10113.00
22.1260,14.3020,1,-10113.00
22.1310,14.3070,1,-10113.00
22.1350,14.3110,1,-9018.00
22.1400,14.3160,1,-9018.00
22.1440,14.3200,1,-9018.00
22.1490,14.3250,1,-11229.00
22.1530,14.3290,1,-11229.00
22.1580,14.3340,1,-10350.00
22.1620,14.3380,1,-10350.00
22.1670,14.3430,1,-10350.00
22.1710,14.3470,1,-8628.00
22.1760,14.3520,1,-8628.00
22.1800,14.3560,1,-10843.00
22.1850,14.3610,1,-10843.00
22.1890,14.3650,1,-10843.00
22.1940,14.3700,1,-10953.00
22.1980,14.3740,1,-10953.00
22.2030,14.3790,1,-8826.00
22.2070,14.3830,1,-8826.00
22.2120,14.3880,1,-8826.00
22.2170,14.3930,1,-10248.00
22.2220,14.3980,1,-10248.00
22.2260,14.4020,1,-10877.00
22.2310,14.4070,1,-10877.00
22.2360,14.4120,1,-10877.00
22.2410,14.4170,1,-8841.00
22.2450,14.4210,1,-8841.00
22.2500,14.4260,1,-9989.00
22.2550,14.4310,1,-9989.00
22.2600,14.4360,1,-11191.00
22.2640,14.4400,1,-11191.00
22.2690,14.4450,1,-11191.00
22.2740,14.4500,1,-8966.00
22.2790,14.4550,1,-8966.00
22.2830,14.4590,1,-9439.00
22.2880,14.4640,1,-9439.00
22.2930,14.4690,1,-9439.00
22.2980,14.4740,1,-11309.00
22.3030,14.4790,1,-11309.00
22.3080,14.4840,1,-9446.00
22.3130,14.4890,1,-9446.00
22.3180,14.4940,1,-9035.00
22.3230,14.4990,1,-9035.00
22.3280,14.5040,1,-11160.00
22.3330,14.5090,1,-11160.00
22.3380,14.5140,1,-11160.00
22.3430,14.5190,1,-9925.00
22.3480,14.5240,1,-9925.00
22.3530,14.5290,1,-8797.00
22.3580,14.5340,1,-8797.00
22.3720,14.5480,1,-10975.00
22.3840,14.5600,1,-10218.00
22.3910,14.5670,1,-8692.00
22.3960,14.5720,1,-8692.00
22.4010,14.5770,1,-10917.00
22.4060,14.5820,1,-10917.00
22.4110,14.5870,1,-10907.00
22.4170,14.5930,1,-10907.00
22.4220,14.5980,1,-8891.00
22.4270,14.6030,1,-8891.00
22.4330,14.6090,1,-10620.00
22.4380,14.6140,1,-10620.00
22.4430,14.6190,1,-11264.00
22.4480,14.6240,1,-11264.00
22.4540,14.6300,1,-8813.00
22.4590,14.6350,1,-8813.00
22.4640,14.6400,1,-8813.00
22.4690,14.6450,1,-9733.00
22.4750,14.6510,1,-9733.00
22.4800,14.6560,1,-11256.00
22.4850,14.6610,1,-11256.00
22.4910,14.6670,1,-9215.00
22.4960,14.6720,1,-9215.00
22.5010,14.6770,1,-9374.00
22.5070,14.6830,1,-9374.00
22.5120,14.6880,1,-11440.00
22.5180,14.6940,1,-11440.00
22.5230,14.6990,1,-9919.00
22.5290,14.7050,1,-9919.00
22.5350,14.7110,1,-9409.00
22.5400,14.7160,1,-9409.00
22.5460,14.7220,1,-11613.00
22.5510,14.7270,1,-11613.00
22.5570,14.7330,1,-10201.00
22.5620,14.7380,1,-10201.00
22.5680,14.7440,1,-8969.00
22.5730,14.7490,1,-8969.00
22.5790,14.7550,1,-11155.00
22.5840,14.7600,1,-11155.00
22.5900,14.7660,1,-11155.00
22.5950,14.7710,1,-10384.00
22.6010,14.7770,1,-10384.00
22.6070,14.7830,1,-8799.00
22.6120,14.7880,1,-8799.00
22.6180,14.7940,1,-10673.00
22.6240,14.8000,1,-10673.00
22.6300,14.8060,1,-10801.00
22.6360,14.8120,1,-10801.00
22.6410,14.8170,1,-8680.00
22.6470,14.8230,1,-10113.00
22.6530,14.8290,1,-10113.00
22.6590,14.8350,1,-11043.00
22.6640,14.8400,1,-11043.00
22.6700,14.8460,1,-8939.00
22.6760,14.8520,1,-8939.00
22.6820,14.8580,1,-9706.00
22.6870,14.8630,1,-9706.00
22.6930,14.8690,1,-11151.00
22.6990,14.8750,1,-11151.00
22.7050,14.8810,1,-9186.00
22.7110,14.8870,1,-9186.00
22.7170,14.8930,1,-9240.00
22.7320,14.9080,1,-11236.00
22.7440,14.9200,1,-9559.00
22.7520,14.9280,1,-8845.00
22.7570,14.9330,1,-8845.00
22.7630,14.9390,1,-11260.00
22.7690,14.9450,1,-11260.00
22.7750,14.9510,1,-10154.00
22.7810,14.9570,1,-10154.00
22.7870,14.9630,1,-8867.00
22.7920,14.9680,1,-8867.00
22.7980,14.9740,1,-11265.00
22.8040,14.9800,1,-11265.00
22.8100,14.9860,1,-10831.00
22.8160,14.9920,1,-10831.00
22.8220,14.9980,1,-8772.00
22.8280,15.0040,1,-8772.00
22.8340,15.0100,1,-10610.00
22.8400,15.0160,1,-10610.00
22.8460,15.0220,1,-11031.00
22.8520,15.0280,1,-11031.00
22.8580,15.0340,1,-8850.00
22.8640,15.0400,1,-10208.00
22.8700,15.0460,1,-10208.00
22.8760,15.0520,1,-11430.00
22.8820,15.0580,1,-11430.00
22.8880,15.0640,1,-9213.00
22.8940,15.0700,1,-9213.00
22.9000,15.0760,1,-9934.00
22.9060,15.0820,1,-8670.00
23.9120,16.0880,1,-8670.00
23.9180,16.0940,1,-10309.00
23.9240,16.1000,1,-10309.00
23.9300,16.1060,1,-11440.00
23.9360,16.1120,1,-11440.00
23.9420,16.1180,1,-9061.00
23.9490,16.1250,1,-9629.00
23.9550,16.1310,1,-9629.00
23.9610,16.1370,1,-11318.00
23.9680,16.1440,1,-11318.00
23.9740,16.1500,1,-9486.00
23.9800,16.1560,1,-9486.00
23.9860,16.1620,1,-9465.00
23.9930,16.1690,1,-9465.00
23.9990,16.1750,1,-11455.00
24.0050,16.1810,1,-9586.00
24.0120,16.1880,1,-9586.00
24.0180,16.1940,1,-8515.00
24.0240,16.2000,1,-8515.00
24.0300,16.2060,1,-11205.00
24.0370,16.2130,1,-11205.00
24.0430,16.2190,1,-10409.00
24.0500,16.2260,1,-10409.00
24.0560,16.2320,1,-8874.00
24.0630,16.2390,1,-10927.00
24.0690,16.2450,1,-10927.00
24.0760,16.2520,1,-10518.00
24.0820,16.2580,1,-10518.00
24.0890,16.2650,1,-8691.00
24.0950,16.2710,1,-8691.00
24.1020,16.2780,1,-10429.00
24.1080,16.2840,1,-10963.00
24.1150,16.2910,1,-10963.00
24.1310,16.3070,1,-8737.00
24.1420,16.3180,1,-11089.00
24.1500,16.3260,1,-11089.00
24.1570,16.3330,1,-9087.00
24.1630,16.3390,1,-9087.00
24.1700,16.3460,1,-9644.00
24.1760,16.3520,1,-9644.00
24.1830,16.3590,1,-11505.00
24.1890,16.3650,1,-9497.00
24.1960,16.3720,1,-9497.00
24.2030,16.3790,1,-9053.00
24.2100,16.3860,1,-9053.00
24.2160,16.3920,1,-11079.00
24.2230,16.3990,1,-10002.00
24.2300,16.4060,1,-10002.00
24.2360,16.4120,1,-9051.00
24.2430,16.4190,1,-9051.00
24.2500,16.4260,1,-11202.00
24.2560,16.4320,1,-10234.00
24.2630,16.4390,1,-10234.00
24.2700,16.4460,1,-8381.00
24.2770,16.4530,1,-8381.00
24.2830,16.4590,1,-10764.00
24.2900,16.4660,1,-10764.00
24.2970,16.4730,1,-10886.00
24.3030,16.4790,1,-8678.00
24.3100,16.4860,1,-8678.00
24.3170,16.4930,1,-10248.00
24.3240,16.5000,1,-10248.00
24.3310,16.5070,1,-11127.00
24.3380,16.5140,1,-8979.00
24.3450,16.5210,1,-8979.00
24.3520,16.5280,1,-9914.00
24.3590,16.5350,1,-9914.00
24.3660,16.5420,1,-11110.00
24.3730,16.5490,1,-8974.00
24.3800,16.5560,1,-8974.00
24.3870,16.5630,1,-9421.00
24.3930,16.5690,1,-11366.00
24.4000,16.5760,1,-11366.00
24.4070,16.5830,1,-9560.00
24.4140,16.5900,1,-9560.00
24.4210,16.5970,1,-9088.00
24.4280,16.6040,1,-11326.00
24.4350,16.6110,1,-11326.00
24.4430,16.6190,1,-9982.00
24.4500,16.6260,1,-9982.00
24.4570,16.6330,1,-8749.00
24.4640,16.6400,1,-11119.00
24.4710,16.6470,1,-11119.00
24.4780,16.6540,1,-10511.00
24.4860,16.6620,1,-8645.00
24.4930,16.6690,1,-8645.00
24.5000,16.6760,1,-10716.00
24.5070,16.6830,1,-10716.00
24.5140,16.6900,1,-11116.00
24.5210,16.6970,1,-8908.00
24.5280,16.7040,1,-8908.00
24.5360,16.7120,1,-10396.00
24.5430,16.7190,1,-11230.00
24.5490,16.7250,1,-11230.00
24.5530,16.7290,1,-11230.00
24.5560,16.7320,1,-9000.00
24.5750,16.7510,1,-9813.00
24.5800,16.7560,1,-11284.00
24.5830,16.7590,1,-11284.00
24.5860,16.7620,1,-11284.00
24.5890,16.7650,1,-9182.00
24.5930,16.7690,1,-9182.00
24.5960,16.7720,1,-9182.00
24.5990,16.7750,1,-9555.00
24.6020,16.7780,1,-9555.00
24.6050,16.7810,1,-9555.00
24.6090,16.7850,1,-9555.00
24.6120,16.7880,1,-11529.00
24.6150,16.7910,1,-11529.00
24.6180,16.7940,1,-11529.00
24.6220,16.7980,1,-11529.00
24.6290,16.8050,1,-9718.00
24.6330,16.8090,1,-9214.00
24.6370,16.8130,1,-9214.00
24.6410,16.8170,1,-9214.00
24.6450,16.8210,1,-11425.00
24.6490,16.8250,1,-11425.00
24.6530,16.8290,1,-11425.00
24.6570,16.8330,1,-10289.00
24.6610,16.8370,1,-10289.00
24.6650,16.8410,1,-10289.00
24.6690,16.8450,1,-9100.00
24.6730,16.8490,1,-9100.00
24.6770,16.8530,1,-9100.00
24.6800,16.8560,1,-11107.00
24.6840,16.8600,1,-11107.00
24.6880,16.8640,1,-11107.00
24.6920,16.8680,1,-10699.00
24.6960,16.8720,1,-10699.00
24.7000,16.8760,1,-10699.00
24.7060,16.8820,1,-8762.00
24.7100,16.8860,1,-8762.00
24.7140,16.8900,1,-10581.00
24.7190,16.8950,1,-10581.00
24.7230,16.8990,1,-10581.00
24.7270,16.9030,1,-11051.00
24.7320,16.9080,1,-11051.00
24.7360,16.9120,1,-8803.00
24.7400,16.9160,1,-8803.00
24.7450,16.9210,1,-8803.00
24.7490,16.9250,1,-10040.00
24.7530,16.9290,1,-10040.00
24.7580,16.9340,1,-10040.00
24.7620,16.9380,1,-11059.00
24.7660,16.9420,1,-11059.00
24.7710,16.9470,1,-9000.00
24.7750,16.9510,1,-9000.00
24.7790,16.9550,1,-9000.00
24.7840,16.9600,1,-9754.00
24.7880,16.9640,1,-9754.00
24.7930,16.9690,1,-11467.00
24.7970,16.9730,1,-11467.00
24.8020,16.9780,1,-11467.00
24.8060,16.9820,1,-9274.00
24.8110,16.9870,1,-9274.00
24.8160,16.9920,1,-9274.00
24.8200,16.9960,1,-9250.00
24.8340,17.0100,1,-11363.00
24.8450,17.0210,1,-9690.00
24.8510,17.0270,1,-8865.00
24.8560,17.0320,1,-8865.00
24.8600,17.0360,1,-8865.00
24.8650,17.0410,1,-11238.00
24.8700,17.0460,1,-11238.00
24.8740,17.0500,1,-10255.00
24.8790,17.0550,1,-10255.00
24.8840,17.0600,1,-10255.00
24.8880,17.0640,1,-8683.00
24.8930,17.0690,1,-8683.00
24.8980,17.0740,1,-10811.00
24.9030,17.0790,1,-10811.00
24.9080,17.0840,1,-10646.00
24.9130,17.0890,1,-10646.00
24.9170,17.0930,1,-10646.00
24.9220,17.0980,1,-8636.00
24.9270,17.1030,1,-8636.00
24.9320,17.1080,1,-10332.00
24.9370,17.1130,1,-10332.00
24.9420,17.1180,1,-10812.00
24.9460,17.1220,1,-10812.00
24.9510,17.1270,1,-10812.00
24.9560,17.1320,1,-8704.00
24.9610,17.1370,1,-8704.00
24.9660,17.1420,1,-10142.00
24.9710,17.1470,1,-10142.00
24.9760,17.1520,1,-11264.00
24.9810,17.1570,1,-11264.00
24.9860,17.1620,1,-11264.00
24.9910,17.1670,1,-8902.00
24.9960,17.1720,1,-8902.00
25.0010,17.1770,1,-9583.00
25.0060,17.1820,1,-9583.00
25.0110,17.1870,1,-11361.00
25.0160,17.1920,1,-11361.00
25.0210,17.1970,1,-9500.00
25.0270,17.2030,1,-9500.00
25.0320,17.2080,1,-9500.00
25.0370,17.2130,1,-9436.00
25.0420,17.2180,1,-9436.00
25.0470,17.2230,1,-11489.00
25.0520,17.2280,1,-11489.00
25.0570,17.2330,1,-9997.00
25.0620,17.2380,1,-9997.00
25.0670,17.2430,1,-8981.00
25.0730,17.2490,1,-8981.00
25.0780,17.2540,1,-8981.00
25.0830,17.2590,1,-11068.00
25.0890,17.2650,1,-11068.00
25.0940,17.2700,1,-10247.00
25.0990,17.2750,1,-10247.00
25.1050,17.2810,1,-8626.00
25.1100,17.2860,1,-8626.00
25.1150,17.2910,1,-10720.00
25.1200,17.2960,1,-10720.00
25.1260,17.3020,1,-10844.00
25.1310,17.3070,1,-10844.00
25.1360,17.3120,1,-9043.00
25.1420,17.3180,1,-9043.00
25.1470,17.3230,1,-10780.00
25.1620,17.3380,1,-11344.00
25.1720,17.3480,1,-8966.00
25.1800,17.3560,1,-8966.00
25.1850,17.3610,1,-10050.00
25.1910,17.3670,1,-10050.00
25.1960,17.3720,1,-11317.00
25.2020,17.3780,1,-11317.00
25.2070,17.3830,1,-9010.00
25.2120,17.3880,1,-9010.00
25.2180,17.3940,1,-9600.00
25.2230,17.3990,1,-9600.00
25.2280,17.4040,1,-11461.00
25.2340,17.4100,1,-11461.00
25.2390,17.4150,1,-9542.00
25.2450,17.4210,1,-9542.00
25.2500,17.4260,1,-9170.00
25.2550,17.4310,1,-9170.00
25.2610,17.4370,1,-11349.00
25.2660,17.4420,1,-11349.00
25.2720,17.4480,1,-11349.00
25.2770,17.4530,1,-10067.00
25.2830,17.4590,1,-10067.00
25.2890,17.4650,1,-8956.00
25.2940,17.4700,1,-8956.00
25.3000,17.4760,1,-11039.00
25.3050,17.4810,1,-11039.00
25.3110,17.4870,1,-10139.00
25.3170,17.4930,1,-10139.00
25.3220,17.4980,1,-8472.00
25.3280,17.5040,1,-8472.00
25.3330,17.5090,1,-10657.00
25.3390,17.5150,1,-10657.00
25.3450,17.5210,1,-11006.00
25.3500,17.5260,1,-11006.00
25.3560,17.5320,1,-8772.00
25.3620,17.5380,1,-8772.00
25.3670,17.5430,1,-10195.00
25.3730,17.5490,1,-10195.00
25.3790,17.5550,1,-11075.00
25.3850,17.5610,1,-11075.00
25.3910,17.5670,1,-8680.00
25.3970,17.5730,1,-8680.00
25.4020,17.5780,1,-9578.00
25.4080,17.5840,1,-9578.00
25.4140,17.5900,1,-11183.00
25.4200,17.5960,1,-11183.00
25.4260,17.6020,1,-9145.00
25.4320,17.6080,1,-9145.00
25.4370,17.6130,1,-9427.00
25.4430,17.6190,1,-9427.00
25.4490,17.6250,1,-11329.00
25.4550,17.6310,1,-9757.00
25.4610,17.6370,1,-9757.00
25.4670,17.6430,1,-9219.00
25.4730,17.6490,1,-9219.00
25.4790,17.6550,1,-11329.00
25.4850,17.6610,1,-11329.00
25.4910,17.6670,1,-10059.00
25.4970,17.6730,1,-10059.00
25.5030,17.6790,1,-8681.00
25.5090,17.6850,1,-8681.00
25.5150,17.6910,1,-10720.00
25.5310,17.7070,1,-10065.00
25.5420,17.7180,1,-8320.00
25.5490,17.7250,1,-10448.00
25.5550,17.7310,1,-10448.00
25.5610,17.7370,1,-10791.00
25.5670,17.7430,1,-10791.00
25.5730,17.7490,1,-8889.00
25.5790,17.7550,1,-8889.00
25.5850,17.7610,1,-10354.00
25.5910,17.7670,1,-10354.00
25.5970,17.7730,1,-11271.00
25.6040,17.7800,1,-8998.00
25.6100,17.7860,1,-8998.00
25.6160,17.7920,1,-9992.00
25.6220,17.7980,1,-9992.00
25.6290,17.8050,1,-11444.00
25.6350,17.8110,1,-11444.00
25.6410,17.8170,1,-9218.00
25.6470,17.8230,1,-9218.00
25.6540,17.8300,1,-9251.00
25.6600,17.8360,1,-9251.00
25.6660,17.8420,1,-11405.00
25.6730,17.8490,1,-9783.00
25.6790,17.8550,1,-9783.00
25.6850,17.8610,1,-9044.00
25.6910,17.8670,1,-9044.00
25.6980,17.8740,1,-11167.00
25.7040,17.8800,1,-11167.00
25.7100,17.8860,1,-10303.00
25.7170,17.8930,1,-10303.00
25.7230,17.8990,1,-8903.00
25.7300,17.9060,1,-10917.00
25.7360,17.9120,1,-10917.00
25.7430,17.9190,1,-10435.00
25.7490,17.9250,1,-10435.00
25.7560,17.9320,1,-8516.00
25.7620,17.9380,1,-8516.00
25.7690,17.9450,1,-10477.00
25.7750,17.9510,1,-10764.00
25.7820,17.9580,1,-10764.00
25.7880,17.9640,1,-8593.00
25.7950,17.9710,1,-8593.00
25.8010,17.9770,1,-9997.00
25.8080,17.9840,1,-9997.00
25.8140,17.9900,1,-11176.00
25.8210,17.9970,1,-9074.00
25.8270,18.0030,1,-9074.00
25.8340,18.0100,1,-9693.00
25.8410,18.0170,1,-9693.00
25.8470,18.0230,1,-11396.00
25.8540,18.0300,1,-11396.00
25.8610,18.0370,1,-9369.00
25.8680,18.0440,1,-9218.00
25.8740,18.0500,1,-9218.00
25.8810,18.0570,1,-11264.00
25.8880,18.0640,1,-11264.00
25.8940,18.0700,1,-9831.00
25.9010,18.0770,1,-8911.00
25.9080,18.0840,1,-8911.00
25.9150,18.0910,1,-11193.00
25.9210,18.0970,1,-11193.00
25.9280,18.1040,1,-10552.00
25.9440,18.1200,1,-8923.00
25.9550,18.1310,1,-10960.00
25.9630,18.1390,1,-10846.00
25.9700,18.1460,1,-8712.00
25.9770,18.1530,1,-8712.00
25.9840,18.1600,1,-10379.00
25.9910,18.1670,1,-10379.00
25.9970,18.1730,1,-10856.00
26.0040,18.1800,1,-8826.00
26.0110,18.1870,1,-8826.00
26.0180,18.1940,1,-9921.00
26.0250,18.2010,1,-9921.00
26.0320,18.2080,1,-11222.00
26.0390,18.2150,1,-9075.00
26.0460,18.2220,1,-9075.00
26.0530,18.2290,1,-9551.00
26.0600,18.2360,1,-9551.00
26.0660,18.2420,1,-11450.00
26.0730,18.2490,1,-9577.00
26.0800,18.2560,1,-9577.00
26.0870,18.2630,1,-9226.00
26.0940,18.2700,1,-11269.00
26.1020,18.2780,1,-11269.00
26.1090,18.2850,1,-9893.00
26.1160,18.2920,1,-9893.00
26.1230,18.2990,1,-8905.00
26.1300,18.3060,1,-10913.00
26.1370,18.3130,1,-10913.00
26.1440,18.3200,1,-10095.00
26.1520,18.3280,1,-8644.00
26.1590,18.3350,1,-8644.00
26.1660,18.3420,1,-10787.00
26.1730,18.3490,1,-10787.00
26.1800,18.3560,1,-10698.00
26.1870,18.3630,1,-8544.00
26.1940,18.3700,1,-8544.00
26.2010,18.3770,1,-10253.00
26.2100,18.3860,1,-11093.00
26.2130,18.3890,1,-11093.00
26.2160,18.3920,1,-11093.00
26.2190,18.3950,1,-11093.00
26.2220,18.3980,1,-8779.00
26.2250,18.4010,1,-8779.00
26.2290,18.4050,1,-8779.00
26.2320,18.4080,1,-10047.00
26.2350,18.4110,1,-10047.00
26.2380,18.4140,1,-10047.00
26.2410,18.4170,1,-10047.00
26.2440,18.4200,1,-11604.00
26.2470,18.4230,1,-11604.00
26.2510,18.4270,1,-11604.00
26.2540,18.4300,1,-11604.00
26.2570,18.4330,1,-9332.00
26.2600,18.4360,1,-9332.00
26.2630,18.4390,1,-9332.00
26.2670,18.4430,1,-9269.00
26.2710,18.4470,1,-9269.00
26.2750,18.4510,1,-9269.00
26.2790,18.4550,1,-10905.00
26.2830,18.4590,1,-10905.00
26.2860,18.4620,1,-10905.00
26.2900,18.4660,1,-9276.00
26.3030,18.4790,1,-8877.00
26.3150,18.4910,1,-11128.00
26.3190,18.4950,1,-11128.00
26.3230,18.4990,1,-10119.00
26.3270,18.5030,1,-10119.00
26.3310,18.5070,1,-10119.00
26.3350,18.5110,1,-8721.00
26.3390,18.5150,1,-8721.00
26.3430,18.5190,1,-8721.00
26.3470,18.5230,1,-10794.00
26.3510,18.5270,1,-10794.00
26.3550,18.5310,1,-10794.00
26.3600,18.5360,1,-10258.00
26.3650,18.5410,1,-10258.00
26.3690,18.5450,1,-8607.00
26.3740,18.5500,1,-8607.00
26.3780,18.5540,1,-8607.00
26.3820,18.5580,1,-10827.00
26.3870,18.5630,1,-10827.00
26.3910,18.5670,1,-10938.00
26.3950,18.5710,1,-10938.00
26.4000,18.5760,1,-10938.00
26.4040,18.5800,1,-8563.00
26.4080,18.5840,1,-8563.00
26.4130,18.5890,1,-8563.00
26.4170,18.5930,1,-10056.00
26.4210,18.5970,1,-10056.00
26.4260,18.6020,1,-10926.00
26.4300,18.6060,1,-10926.00
26.4340,18.6100,1,-10926.00
26.4390,18.6150,1,-8759.00
26.4440,18.6200,1,-8759.00
26.4480,18.6240,1,-9759.00
26.4530,18.6290,1,-9759.00
26.4570,18.6330,1,-9759.00
26.4620,18.6380,1,-11538.00
26.4660,18.6420,1,-11538.00
26.4710,18.6470,1,-9222.00
26.4760,18.6520,1,-9222.00
26.4800,18.6560,1,-9222.00
26.4850,18.6610,1,-9196.00
26.4890,18.6650,1,-9196.00
26.4940,18.6700,1,-11251.00
26.4990,18.6750,1,-11251.00
26.5030,18.6790,1,-11251.00
26.5080,18.6840,1,-9580.00
26.5120,18.6880,1,-9580.00
26.5170,18.6930,1,-9023.00
26.5220,18.6980,1,-9023.00
26.5260,18.7020,1,-9023.00
26.5310,18.7070,1,-11247.00
26.5360,18.7120,1,-11247.00
26.5410,18.7170,1,-10233.00
26.5460,18.7220,1,-10233.00
26.5500,18.7260,1,-10233.00
26.5550,18.7310,1,-8886.00
26.5600,18.7360,1,-8886.00
26.5650,18.7410,1,-10788.00
26.5700,18.7460,1,-10788.00
26.5750,18.7510,1,-10373.00
26.5790,18.7550,1,-10373.00
26.5840,18.7600,1,-10373.00
26.5980,18.7740,1,-10619.00
26.6100,18.7860,1,-11187.00
26.6150,18.7910,1,-11187.00
26.6200,18.7960,1,-8911.00
26.6250,18.8010,1,-8911.00
26.6300,18.8060,1,-8911.00
26.6350,18.8110,1,-10100.00
26.6400,18.8160,1,-10100.00
26.6450,18.8210,1,-11190.00
26.6500,18.8260,1,-11190.00
26.6550,18.8310,1,-9133.00
26.6600,18.8360,1,-9133.00
26.6650,18.8410,1,-9786.00
26.6700,18.8460,1,-9786.00
26.6750,18.8510,1,-9786.00
26.6800,18.8560,1,-11360.00
26.6850,18.8610,1,-11360.00
26.6900,18.8660,1,-9119.00
26.6950,18.8710,1,-9119.00
26.7000,18.8760,1,-9022.00
26.7050,18.8810,1,-9022.00
26.7100,18.8860,1,-9022.00
26.7150,18.8910,1,-11192.00
26.7200,18.8960,1,-11192.00
26.7250,18.9010,1,-9560.00
26.7310,18.9070,1,-9560.00
26.7360,18.9120,1,-8768.00
26.7410,18.9170,1,-8768.00
26.7460,18.9220,1,-11267.00
26.7520,18.9280,1,-11267.00
26.7570,18.9330,1,-10402.00
26.7620,18.9380,1,-10402.00
26.7670,18.9430,1,-10402.00
26.7720,18.9480,1,-8830.00
26.7780,18.9540,1,-8830.00
26.7830,18.9590,1,-11063.00
26.7880,18.9640,1,-11063.00
26.7930,18.9690,1,-10838.00
26.7990,18.9750,1,-10838.00
26.8040,18.9800,1,-8813.00
26.8090,18.9850,1,-8813.00
26.8150,18.9910,1,-10638.00
26.8200,18.9960,1,-10638.00
26.8260,19.0020,1,-11167.00
26.8310,19.0070,1,-11167.00
26.8370,19.0130,1,-8839.00
26.8420,19.0180,1,-8839.00
26.8470,19.0230,1,-10216.00
26.8530,19.0290,1,-10216.00
26.8580,19.0340,1,-10216.00
26.8640,19.0400,1,-11462.00
26.8690,19.0450,1,-11462.00
26.8750,19.0510,1,-9119.00
26.8800,19.0560,1,-9119.00
26.8860,19.0620,1,-9763.00
26.8910,19.0670,1,-9763.00
26.8970,19.0730,1,-11587.00
26.9020,19.0780,1,-11587.00
26.9080,19.0840,1,-9733.00
26.9130,19.0890,1,-9733.00
